"year","experiment","population","water","plants_per_m2","sowing_doy","transplanting_doy","genotype","treatment","plot","subplot_ID","date","DOY","trait","panicle_emerge_date","emerge_DOY","emerge_DAS","emerge_DAT"
2013,"density","JGI","rain_fed",400,123,134,"RIL_095","high_density",31,31001,"06/12/2013",163,"panicle_emergence","06/12/2013",163,40,29
2013,"density","JGI","rain_fed",400,123,134,"RIL_076","high_density",31,31002,"06/08/2013",159,"panicle_emergence","06/08/2013",159,36,25
2013,"density","JGI","rain_fed",400,123,134,"RIL_212","high_density",31,31003,"06/21/2013",172,"panicle_emergence","06/21/2013",172,49,38
2013,"density","JGI","rain_fed",400,123,134,"RIL_074","high_density",31,31004,"06/14/2013",165,"panicle_emergence","06/14/2013",165,42,31
2013,"density","JGI","rain_fed",400,123,134,"RIL_126","high_density",31,31005,"05/31/2013",151,"panicle_emergence","05/30/2013",150,27,16
2013,"density","JGI","rain_fed",400,123,134,"A10","high_density",31,31006,"06/03/2013",154,"panicle_emergence","06/02/2013",153,30,19
2013,"density","JGI","rain_fed",400,123,134,"RIL_090","high_density",31,31007,"06/13/2013",164,"panicle_emergence","06/13/2013",164,41,30
2013,"density","JGI","rain_fed",400,123,134,"A10","high_density",31,31008,"06/03/2013",154,"panicle_emergence","06/02/2013",153,30,19
2013,"density","JGI","rain_fed",400,123,134,"RIL_196","high_density",31,31009,"06/09/2013",160,"panicle_emergence","06/09/2013",160,37,26
2013,"density","JGI","rain_fed",400,123,134,"RIL_146","high_density",31,31010,"06/25/2013",176,"panicle_emergence","06/24/2013",175,52,41
2013,"density","JGI","rain_fed",400,123,134,"RIL_094","high_density",31,31011,"06/21/2013",172,"panicle_emergence","06/22/2013",173,50,39
2013,"density","JGI","rain_fed",400,123,134,"RIL_216","high_density",31,31012,"06/11/2013",162,"panicle_emergence","06/11/2013",162,39,28
2013,"density","JGI","rain_fed",400,123,134,"RIL_010","high_density",31,31013,"06/10/2013",161,"panicle_emergence","06/10/2013",161,38,27
2013,"density","JGI","rain_fed",400,123,134,"RIL_063","high_density",31,31014,"07/01/2013",182,"panicle_emergence","07/01/2013",182,59,48
2013,"density","JGI","rain_fed",400,123,134,"A10","high_density",31,31015,"06/05/2013",156,"panicle_emergence","06/05/2013",156,33,22
2013,"density","JGI","rain_fed",400,123,134,"RIL_078","high_density",31,31016,"06/10/2013",161,"panicle_emergence","06/10/2013",161,38,27
2013,"density","JGI","rain_fed",400,123,134,"RIL_200","high_density",31,31017,"06/22/2013",173,"panicle_emergence","06/21/2013",172,49,38
2013,"density","JGI","rain_fed",400,123,134,"RIL_036","high_density",31,31018,"06/11/2013",162,"panicle_emergence","06/11/2013",162,39,28
2013,"density","JGI","rain_fed",400,123,134,"RIL_070","high_density",31,31019,"06/15/2013",166,"panicle_emergence","06/14/2013",165,42,31
2013,"density","JGI","rain_fed",400,123,134,"A10","high_density",31,31020,"06/03/2013",154,"panicle_emergence","06/03/2013",154,31,20
2013,"density","JGI","rain_fed",400,123,134,"RIL_062","high_density",31,31021,"06/17/2013",168,"panicle_emergence","06/17/2013",168,45,34
2013,"density","JGI","rain_fed",400,123,134,"RIL_015","high_density",31,31022,"05/31/2013",151,"panicle_emergence","05/30/2013",150,27,16
2013,"density","JGI","rain_fed",400,123,134,"RIL_054","high_density",31,31023,"06/10/2013",161,"panicle_emergence","06/10/2013",161,38,27
2013,"density","JGI","rain_fed",400,123,134,"B100","high_density",31,31024,"06/22/2013",173,"panicle_emergence","06/21/2013",172,49,38
2013,"density","JGI","rain_fed",400,123,134,"RIL_047","high_density",31,31025,"06/06/2013",157,"panicle_emergence","06/06/2013",157,34,23
2013,"density","JGI","rain_fed",400,123,134,"B100","high_density",31,31026,"06/22/2013",173,"panicle_emergence","06/21/2013",172,49,38
2013,"density","JGI","rain_fed",400,123,134,"B100","high_density",31,31027,"06/21/2013",172,"panicle_emergence","06/22/2013",173,50,39
2013,"density","JGI","rain_fed",400,123,134,"A10","high_density",31,31028,"06/03/2013",154,"panicle_emergence","06/02/2013",153,30,19
2013,"density","JGI","rain_fed",400,123,134,"RIL_164","high_density",31,31029,"06/07/2013",158,"panicle_emergence","06/07/2013",158,35,24
2013,"density","JGI","rain_fed",400,123,134,"RIL_038","high_density",31,31030,"06/08/2013",159,"panicle_emergence","06/08/2013",159,36,25
2013,"density","JGI","rain_fed",400,123,134,"RIL_018","high_density",31,31031,"06/11/2013",162,"panicle_emergence","06/10/2013",161,38,27
2013,"density","JGI","rain_fed",400,123,134,"RIL_209","high_density",31,31032,"06/11/2013",162,"panicle_emergence","06/11/2013",162,39,28
2013,"density","JGI","rain_fed",400,123,134,"RIL_157","high_density",31,31033,"06/09/2013",160,"panicle_emergence","06/09/2013",160,37,26
2013,"density","JGI","rain_fed",400,123,134,"A10","high_density",31,31034,"06/03/2013",154,"panicle_emergence","06/02/2013",153,30,19
2013,"density","JGI","rain_fed",400,123,134,"RIL_136","high_density",31,31035,"06/10/2013",161,"panicle_emergence","06/10/2013",161,38,27
2013,"density","JGI","rain_fed",400,123,134,"RIL_093","high_density",31,31036,"06/10/2013",161,"panicle_emergence","06/10/2013",161,38,27
2013,"density","JGI","rain_fed",400,123,134,"RIL_153","high_density",31,31037,"06/13/2013",164,"panicle_emergence","06/13/2013",164,41,30
2013,"density","JGI","rain_fed",400,123,134,"RIL_201","high_density",31,31038,"06/25/2013",176,"panicle_emergence","06/23/2013",174,51,40
2013,"density","JGI","rain_fed",400,123,134,"RIL_115","high_density",31,31039,"06/06/2013",157,"panicle_emergence","06/06/2013",157,34,23
2013,"density","JGI","rain_fed",400,123,134,"RIL_033","high_density",31,31040,"06/13/2013",164,"panicle_emergence","06/13/2013",164,41,30
2013,"density","JGI","rain_fed",400,123,134,"RIL_206","high_density",31,31041,"06/10/2013",161,"panicle_emergence","06/10/2013",161,38,27
2013,"density","JGI","rain_fed",400,123,134,"RIL_029","high_density",31,31042,"06/13/2013",164,"panicle_emergence","06/13/2013",164,41,30
2013,"density","JGI","rain_fed",400,123,134,"RIL_134","high_density",31,31043,"06/13/2013",164,"panicle_emergence","06/13/2013",164,41,30
2013,"density","JGI","rain_fed",400,123,134,"RIL_060","high_density",31,31044,"06/22/2013",173,"panicle_emergence","06/21/2013",172,49,38
2013,"density","JGI","rain_fed",400,123,134,"RIL_016","high_density",31,31045,"06/09/2013",160,"panicle_emergence","06/09/2013",160,37,26
2013,"density","JGI","rain_fed",400,123,134,"RIL_170","high_density",31,31046,"07/08/2013",189,"panicle_emergence","07/08/2013",189,66,55
2013,"density","JGI","rain_fed",400,123,134,"RIL_031","high_density",31,31047,"06/07/2013",158,"panicle_emergence","06/07/2013",158,35,24
2013,"density","JGI","rain_fed",400,123,134,"RIL_105","high_density",31,31048,"06/08/2013",159,"panicle_emergence","06/08/2013",159,36,25
2013,"density","JGI","rain_fed",400,123,134,"RIL_163","high_density",31,31049,"06/10/2013",161,"panicle_emergence","06/10/2013",161,38,27
2013,"density","JGI","rain_fed",400,123,134,"RIL_127","high_density",31,31050,"06/13/2013",164,"panicle_emergence","06/13/2013",164,41,30
2013,"density","JGI","rain_fed",400,123,134,"RIL_159","high_density",31,31051,"06/20/2013",171,"panicle_emergence","06/20/2013",171,48,37
2013,"density","JGI","rain_fed",400,123,134,"RIL_100","high_density",31,31052,"06/22/2013",173,"panicle_emergence","06/22/2013",173,50,39
2013,"density","JGI","rain_fed",400,123,134,"RIL_109","high_density",31,31053,"06/13/2013",164,"panicle_emergence","06/13/2013",164,41,30
2013,"density","JGI","rain_fed",400,123,134,"RIL_082","high_density",31,31054,"06/11/2013",162,"panicle_emergence","06/10/2013",161,38,27
2013,"density","JGI","rain_fed",400,123,134,"RIL_179","high_density",31,31055,"06/10/2013",161,"panicle_emergence","06/10/2013",161,38,27
2013,"density","JGI","rain_fed",400,123,134,"RIL_116","high_density",31,31056,"06/12/2013",163,"panicle_emergence","06/12/2013",163,40,29
2013,"density","JGI","rain_fed",400,123,134,"RIL_125","high_density",31,31057,"06/14/2013",165,"panicle_emergence","06/14/2013",165,42,31
2013,"density","JGI","rain_fed",400,123,134,"RIL_203","high_density",31,31058,"06/13/2013",164,"panicle_emergence","06/13/2013",164,41,30
2013,"density","JGI","rain_fed",400,123,134,"RIL_175","high_density",31,31059,"06/10/2013",161,"panicle_emergence","06/10/2013",161,38,27
2013,"density","JGI","rain_fed",400,123,134,"RIL_156","high_density",31,31060,"06/13/2013",164,"panicle_emergence","06/13/2013",164,41,30
2013,"density","JGI","rain_fed",400,123,134,"RIL_142","high_density",31,31061,"06/07/2013",158,"panicle_emergence","06/07/2013",158,35,24
2013,"density","JGI","rain_fed",400,123,134,"RIL_087","high_density",31,31062,"05/31/2013",151,"panicle_emergence","05/30/2013",150,27,16
2013,"density","JGI","rain_fed",400,123,134,"RIL_128","high_density",31,31063,"06/17/2013",168,"panicle_emergence","06/16/2013",167,44,33
2013,"density","JGI","rain_fed",400,123,134,"RIL_208","high_density",31,31064,"06/10/2013",161,"panicle_emergence","06/10/2013",161,38,27
2013,"density","JGI","rain_fed",400,123,134,"RIL_185","high_density",31,31065,"06/10/2013",161,"panicle_emergence","06/10/2013",161,38,27
2013,"density","JGI","rain_fed",400,123,134,"RIL_067","high_density",31,31066,"06/08/2013",159,"panicle_emergence","06/08/2013",159,36,25
2013,"density","JGI","rain_fed",400,123,134,"RIL_150","high_density",31,31067,"06/11/2013",162,"panicle_emergence","06/10/2013",161,38,27
2013,"density","JGI","rain_fed",400,123,134,"B100","high_density",31,31068,"06/21/2013",172,"panicle_emergence","06/22/2013",173,50,39
2013,"density","JGI","rain_fed",400,123,134,"RIL_058","high_density",31,31069,"06/18/2013",169,"panicle_emergence","06/17/2013",168,45,34
2013,"density","JGI","rain_fed",400,123,134,"RIL_171","high_density",31,31070,"06/13/2013",164,"panicle_emergence","06/13/2013",164,41,30
2013,"density","JGI","rain_fed",400,123,134,"RIL_190","high_density",31,31071,"06/10/2013",161,"panicle_emergence","06/10/2013",161,38,27
2013,"density","JGI","rain_fed",400,123,134,"RIL_135","high_density",31,31072,"06/11/2013",162,"panicle_emergence","06/10/2013",161,38,27
2013,"density","JGI","rain_fed",400,123,134,"RIL_137","high_density",31,31073,"06/17/2013",168,"panicle_emergence","06/17/2013",168,45,34
2013,"density","JGI","rain_fed",400,123,134,"RIL_183","high_density",31,31074,"06/20/2013",171,"panicle_emergence","06/20/2013",171,48,37
2013,"density","JGI","rain_fed",400,123,134,"RIL_117","high_density",31,31075,"06/12/2013",163,"panicle_emergence","06/12/2013",163,40,29
2013,"density","JGI","rain_fed",400,123,134,"RIL_149","high_density",31,31076,"06/08/2013",159,"panicle_emergence","06/08/2013",159,36,25
2013,"density","JGI","rain_fed",400,123,134,"RIL_019","high_density",31,31077,"06/06/2013",157,"panicle_emergence","06/06/2013",157,34,23
2013,"density","JGI","rain_fed",400,123,134,"RIL_084","high_density",31,31078,"06/11/2013",162,"panicle_emergence","06/11/2013",162,39,28
2013,"density","JGI","rain_fed",400,123,134,"RIL_218","high_density",31,31079,"06/17/2013",168,"panicle_emergence","06/17/2013",168,45,34
2013,"density","JGI","rain_fed",400,123,134,"RIL_037","high_density",31,31080,"06/06/2013",157,"panicle_emergence","06/06/2013",157,34,23
2013,"density","JGI","rain_fed",400,123,134,"RIL_059","high_density",31,31081,"06/15/2013",166,"panicle_emergence","06/13/2013",164,41,30
2013,"density","JGI","rain_fed",400,123,134,"RIL_066","high_density",31,31082,"06/15/2013",166,"panicle_emergence","06/16/2013",167,44,33
2013,"density","JGI","rain_fed",400,123,134,"RIL_166","high_density",31,31083,"06/10/2013",161,"panicle_emergence","06/10/2013",161,38,27
2013,"density","JGI","rain_fed",400,123,134,"RIL_075","high_density",31,31084,"06/04/2013",155,"panicle_emergence","06/04/2013",155,32,21
2013,"density","JGI","rain_fed",400,123,134,"RIL_119","high_density",31,31086,"06/17/2013",168,"panicle_emergence","06/16/2013",167,44,33
2013,"density","JGI","rain_fed",400,123,134,"RIL_099","high_density",31,31087,"06/12/2013",163,"panicle_emergence","06/12/2013",163,40,29
2013,"density","JGI","rain_fed",400,123,134,"RIL_110","high_density",31,31088,"06/06/2013",157,"panicle_emergence","06/06/2013",157,34,23
2013,"density","JGI","rain_fed",400,123,134,"RIL_061","high_density",31,31089,"06/28/2013",179,"panicle_emergence","06/28/2013",179,56,45
2013,"density","JGI","rain_fed",400,123,134,"RIL_199","high_density",31,31090,"06/12/2013",163,"panicle_emergence","06/12/2013",163,40,29
2013,"density","JGI","rain_fed",400,123,134,"B100","high_density",31,31091,"06/25/2013",176,"panicle_emergence","06/23/2013",174,51,40
2013,"density","JGI","rain_fed",400,123,134,"RIL_188","high_density",31,31092,"06/08/2013",159,"panicle_emergence","06/08/2013",159,36,25
2013,"density","JGI","rain_fed",400,123,134,"B100","high_density",31,31093,"06/20/2013",171,"panicle_emergence","06/20/2013",171,48,37
2013,"density","JGI","rain_fed",400,123,134,"A10","high_density",31,31094,"06/03/2013",154,"panicle_emergence","05/30/2013",150,27,16
2013,"density","JGI","rain_fed",400,123,134,"RIL_189","high_density",31,31095,"06/09/2013",160,"panicle_emergence","06/09/2013",160,37,26
2013,"density","JGI","rain_fed",400,123,134,"RIL_017","high_density",31,31096,"06/11/2013",162,"panicle_emergence","06/12/2013",163,40,29
2013,"density","JGI","rain_fed",400,123,134,"RIL_143","high_density",31,31098,"06/08/2013",159,"panicle_emergence","06/08/2013",159,36,25
2013,"density","JGI","rain_fed",400,123,134,"RIL_123","high_density",31,31099,"06/11/2013",162,"panicle_emergence","06/10/2013",161,38,27
2013,"density","JGI","rain_fed",400,123,134,"RIL_098","high_density",31,31100,"06/11/2013",162,"panicle_emergence","06/10/2013",161,38,27
2013,"density","JGI","rain_fed",400,123,134,"RIL_051","high_density",31,31101,"06/08/2013",159,"panicle_emergence","06/08/2013",159,36,25
2013,"density","JGI","rain_fed",400,123,134,"RIL_055","high_density",31,31102,"06/06/2013",157,"panicle_emergence","06/06/2013",157,34,23
2013,"density","JGI","rain_fed",400,123,134,"RIL_219","high_density",31,31103,"06/10/2013",161,"panicle_emergence","06/10/2013",161,38,27
2013,"density","JGI","rain_fed",400,123,134,"RIL_148","high_density",31,31104,"06/11/2013",162,"panicle_emergence","06/11/2013",162,39,28
2013,"density","JGI","rain_fed",400,123,134,"RIL_215","high_density",31,31105,"06/29/2013",180,"panicle_emergence","06/29/2013",180,57,46
2013,"density","JGI","rain_fed",400,123,134,"RIL_069","high_density",31,31106,"06/10/2013",161,"panicle_emergence","06/10/2013",161,38,27
2013,"density","JGI","rain_fed",400,123,134,"RIL_022","high_density",31,31107,"06/17/2013",168,"panicle_emergence","06/16/2013",167,44,33
2013,"density","JGI","rain_fed",400,123,134,"RIL_168","high_density",31,31108,"06/12/2013",163,"panicle_emergence","06/12/2013",163,40,29
2013,"density","JGI","rain_fed",400,123,134,"RIL_182","high_density",31,31109,"06/18/2013",169,"panicle_emergence","06/18/2013",169,46,35
2013,"density","JGI","rain_fed",400,123,134,"RIL_204","high_density",31,31110,"06/11/2013",162,"panicle_emergence","06/11/2013",162,39,28
2013,"density","JGI","rain_fed",400,123,134,"RIL_089","high_density",31,31111,"06/17/2013",168,"panicle_emergence","06/17/2013",168,45,34
2013,"density","JGI","rain_fed",400,123,134,"RIL_176","high_density",31,31112,"06/13/2013",164,"panicle_emergence","06/13/2013",164,41,30
2013,"density","JGI","rain_fed",400,123,134,"RIL_091","high_density",31,31113,"06/06/2013",157,"panicle_emergence","06/06/2013",157,34,23
2013,"density","JGI","rain_fed",400,123,134,"RIL_140","high_density",31,31114,"06/12/2013",163,"panicle_emergence","06/12/2013",163,40,29
2013,"density","JGI","rain_fed",400,123,134,"RIL_002","high_density",31,31115,"06/07/2013",158,"panicle_emergence","06/07/2013",158,35,24
2013,"density","JGI","rain_fed",400,123,134,"RIL_211","high_density",31,31116,"06/13/2013",164,"panicle_emergence","06/13/2013",164,41,30
2013,"density","JGI","rain_fed",400,123,134,"RIL_102","high_density",31,31117,"06/07/2013",158,"panicle_emergence","06/07/2013",158,35,24
2013,"density","JGI","rain_fed",400,123,134,"RIL_030","high_density",31,31118,"06/13/2013",164,"panicle_emergence","06/13/2013",164,41,30
2013,"density","JGI","rain_fed",400,123,134,"RIL_071","high_density",31,31119,"06/25/2013",176,"panicle_emergence","06/23/2013",174,51,40
2013,"density","JGI","rain_fed",400,123,134,"RIL_192","high_density",31,31120,"06/08/2013",159,"panicle_emergence","06/08/2013",159,36,25
2013,"density","JGI","rain_fed",400,123,134,"A10","high_density",31,31121,"06/03/2013",154,"panicle_emergence","06/03/2013",154,31,20
2013,"density","JGI","rain_fed",400,123,134,"RIL_129","high_density",31,31122,"06/20/2013",171,"panicle_emergence","06/20/2013",171,48,37
2013,"density","JGI","rain_fed",400,123,134,"RIL_081","high_density",31,31123,"06/17/2013",168,"panicle_emergence","06/16/2013",167,44,33
2013,"density","JGI","rain_fed",400,123,134,"RIL_152","high_density",31,31124,"06/06/2013",157,"panicle_emergence","06/06/2013",157,34,23
2013,"density","JGI","rain_fed",400,123,134,"RIL_194","high_density",31,31125,"06/11/2013",162,"panicle_emergence","06/10/2013",161,38,27
2013,"density","JGI","rain_fed",400,123,134,"RIL_048","high_density",31,31126,"06/11/2013",162,"panicle_emergence","06/10/2013",161,38,27
2013,"density","JGI","rain_fed",400,123,134,"RIL_011","high_density",31,31127,"06/11/2013",162,"panicle_emergence","06/10/2013",161,38,27
2013,"density","JGI","rain_fed",400,123,134,"RIL_104","high_density",31,31128,"06/27/2013",178,"panicle_emergence","06/27/2013",178,55,44
2013,"density","JGI","rain_fed",400,123,134,"A10","high_density",31,31129,"06/03/2013",154,"panicle_emergence","06/03/2013",154,31,20
2013,"density","JGI","rain_fed",400,123,134,"RIL_034","high_density",31,31130,"06/08/2013",159,"panicle_emergence","06/08/2013",159,36,25
2013,"density","JGI","rain_fed",400,123,134,"RIL_001","high_density",31,31131,"06/09/2013",160,"panicle_emergence","06/08/2013",159,36,25
2013,"density","JGI","rain_fed",400,123,134,"RIL_053","high_density",31,31132,"06/11/2013",162,"panicle_emergence","06/10/2013",161,38,27
2013,"density","JGI","rain_fed",400,123,134,"B100","high_density",31,31133,"06/20/2013",171,"panicle_emergence","06/20/2013",171,48,37
2013,"density","JGI","rain_fed",400,123,134,"RIL_167","high_density",31,31134,"06/10/2013",161,"panicle_emergence","06/10/2013",161,38,27
2013,"density","JGI","rain_fed",400,123,134,"RIL_013","high_density",31,31135,"06/09/2013",160,"panicle_emergence","06/08/2013",159,36,25
2013,"density","JGI","rain_fed",400,123,134,"RIL_086","high_density",31,31136,"06/13/2013",164,"panicle_emergence","06/13/2013",164,41,30
2013,"density","JGI","rain_fed",400,123,134,"RIL_101","high_density",31,31137,"06/18/2013",169,"panicle_emergence","06/18/2013",169,46,35
2013,"density","JGI","rain_fed",400,123,134,"RIL_056","high_density",31,31138,"06/09/2013",160,"panicle_emergence","06/09/2013",160,37,26
2013,"density","JGI","rain_fed",400,123,134,"B100","high_density",31,31139,"06/03/2013",154,"panicle_emergence","06/02/2013",153,30,19
2013,"density","JGI","rain_fed",400,123,134,"RIL_057","high_density",31,31140,"06/18/2013",169,"panicle_emergence","06/16/2013",167,44,33
2013,"density","JGI","rain_fed",400,123,134,"RIL_121","high_density",31,31141,"06/08/2013",159,"panicle_emergence","06/08/2013",159,36,25
2013,"density","JGI","rain_fed",400,123,134,"RIL_118","high_density",31,31142,"06/27/2013",178,"panicle_emergence","06/27/2013",178,55,44
2013,"density","JGI","rain_fed",400,123,134,"RIL_113","high_density",31,31143,"06/05/2013",156,"panicle_emergence","06/05/2013",156,33,22
2013,"density","JGI","rain_fed",400,123,134,"B100","high_density",31,31144,"06/20/2013",171,"panicle_emergence","06/20/2013",171,48,37
2013,"density","JGI","rain_fed",400,123,134,"RIL_174","high_density",31,31145,"06/12/2013",163,"panicle_emergence","06/13/2013",164,41,30
2013,"density","JGI","rain_fed",400,123,134,"RIL_064","high_density",31,31146,"06/13/2013",164,"panicle_emergence","06/13/2013",164,41,30
2013,"density","JGI","rain_fed",400,123,134,"RIL_161","high_density",31,31147,"06/17/2013",168,"panicle_emergence","06/16/2013",167,44,33
2013,"density","JGI","rain_fed",400,123,134,"RIL_207","high_density",31,31148,"06/12/2013",163,"panicle_emergence","06/12/2013",163,40,29
2013,"density","JGI","rain_fed",400,123,134,"RIL_139","high_density",31,31149,"06/14/2013",165,"panicle_emergence","06/14/2013",165,42,31
2013,"density","JGI","rain_fed",400,123,134,"RIL_040","high_density",31,31150,"06/10/2013",161,"panicle_emergence","06/10/2013",161,38,27
2013,"density","JGI","rain_fed",400,123,134,"B100","high_density",31,31151,"06/25/2013",176,"panicle_emergence","06/24/2013",175,52,41
2013,"density","JGI","rain_fed",400,123,134,"RIL_041","high_density",31,31152,"06/07/2013",158,"panicle_emergence","06/07/2013",158,35,24
2013,"density","JGI","rain_fed",400,123,134,"RIL_120","high_density",31,31153,"06/07/2013",158,"panicle_emergence","06/07/2013",158,35,24
2013,"density","JGI","rain_fed",400,123,134,"RIL_217","high_density",31,31154,"06/07/2013",158,"panicle_emergence","06/07/2013",158,35,24
2013,"density","JGI","rain_fed",400,123,134,"RIL_162","high_density",31,31155,"06/04/2013",155,"panicle_emergence","06/04/2013",155,32,21
2013,"density","JGI","rain_fed",400,123,134,"RIL_072","high_density",31,31156,"06/13/2013",164,"panicle_emergence","06/13/2013",164,41,30
2013,"density","JGI","rain_fed",400,123,134,"RIL_181","high_density",31,31157,"06/28/2013",179,"panicle_emergence","06/28/2013",179,56,45
2013,"density","JGI","rain_fed",400,123,134,"RIL_014","high_density",31,31158,"06/11/2013",162,"panicle_emergence","06/10/2013",161,38,27
2013,"density","JGI","rain_fed",400,123,134,"RIL_112","high_density",31,31159,"06/07/2013",158,"panicle_emergence","06/07/2013",158,35,24
2013,"density","JGI","rain_fed",400,123,134,"RIL_154","high_density",31,31160,"06/11/2013",162,"panicle_emergence","06/10/2013",161,38,27
2013,"density","JGI","rain_fed",400,123,134,"RIL_222","high_density",31,31161,"06/12/2013",163,"panicle_emergence","06/12/2013",163,40,29
2013,"density","JGI","rain_fed",400,123,134,"A10","high_density",31,31162,"06/03/2013",154,"panicle_emergence","06/03/2013",154,31,20
2013,"density","JGI","rain_fed",400,123,134,"RIL_169","high_density",31,31163,"06/17/2013",168,"panicle_emergence","06/17/2013",168,45,34
2013,"density","JGI","rain_fed",400,123,134,"RIL_052","high_density",31,31164,"06/11/2013",162,"panicle_emergence","06/10/2013",161,38,27
2013,"density","JGI","rain_fed",400,123,134,"RIL_103","high_density",31,31165,"06/11/2013",162,"panicle_emergence","06/11/2013",162,39,28
2013,"density","JGI","rain_fed",400,123,134,"RIL_024","high_density",31,31166,"06/11/2013",162,"panicle_emergence","06/10/2013",161,38,27
2013,"density","JGI","rain_fed",400,123,134,"RIL_092","high_density",31,31167,"06/11/2013",162,"panicle_emergence","06/11/2013",162,39,28
2013,"density","JGI","rain_fed",400,123,134,"RIL_187","high_density",31,31168,"06/17/2013",168,"panicle_emergence","06/16/2013",167,44,33
2013,"density","JGI","rain_fed",400,123,134,"RIL_220","high_density",31,31169,"06/10/2013",161,"panicle_emergence","06/10/2013",161,38,27
2013,"density","JGI","rain_fed",400,123,134,"RIL_193","high_density",31,31170,"06/12/2013",163,"panicle_emergence","06/12/2013",163,40,29
2013,"density","JGI","rain_fed",400,123,134,"RIL_172","high_density",31,31171,"06/08/2013",159,"panicle_emergence","06/08/2013",159,36,25
2013,"density","JGI","rain_fed",400,123,134,"RIL_004","high_density",31,31172,"06/11/2013",162,"panicle_emergence","06/11/2013",162,39,28
2013,"density","JGI","rain_fed",400,123,134,"B100","high_density",31,31173,"06/20/2013",171,"panicle_emergence","06/20/2013",171,48,37
2013,"density","JGI","rain_fed",400,123,134,"RIL_195","high_density",31,31174,"06/20/2013",171,"panicle_emergence","06/20/2013",171,48,37
2013,"density","JGI","rain_fed",400,123,134,"RIL_008","high_density",31,31175,"06/12/2013",163,"panicle_emergence","06/12/2013",163,40,29
2013,"density","JGI","rain_fed",400,123,134,"RIL_043","high_density",31,31176,"06/15/2013",166,"panicle_emergence","06/14/2013",165,42,31
2013,"density","JGI","rain_fed",400,123,134,"RIL_049","high_density",31,31177,"06/07/2013",158,"panicle_emergence","06/07/2013",158,35,24
2013,"density","JGI","rain_fed",400,123,134,"RIL_205","high_density",31,31178,"06/07/2013",158,"panicle_emergence","06/07/2013",158,35,24
2013,"density","JGI","rain_fed",400,123,134,"A10","high_density",31,31179,"06/03/2013",154,"panicle_emergence","06/03/2013",154,31,20
2013,"density","JGI","rain_fed",400,123,134,"RIL_020","high_density",31,31180,"06/17/2013",168,"panicle_emergence","06/16/2013",167,44,33
2013,"density","JGI","rain_fed",400,123,134,"RIL_027","high_density",31,31181,"06/11/2013",162,"panicle_emergence","06/10/2013",161,38,27
2013,"density","JGI","rain_fed",400,123,134,"RIL_180","high_density",31,31182,"06/12/2013",163,"panicle_emergence","06/12/2013",163,40,29
2013,"density","JGI","rain_fed",400,123,134,"RIL_107","high_density",31,31183,"06/06/2013",157,"panicle_emergence","06/06/2013",157,34,23
2013,"density","JGI","rain_fed",400,123,134,"A10","high_density",31,31184,"06/03/2013",154,"panicle_emergence","06/02/2013",153,30,19
2013,"density","JGI","rain_fed",400,123,134,"RIL_026","high_density",31,31185,"06/06/2013",157,"panicle_emergence","06/06/2013",157,34,23
2013,"density","JGI","rain_fed",400,123,134,"RIL_210","high_density",31,31187,"06/18/2013",169,"panicle_emergence","06/16/2013",167,44,33
2013,"density","JGI","rain_fed",400,123,134,"RIL_077","high_density",31,31188,"06/13/2013",164,"panicle_emergence","06/13/2013",164,41,30
2013,"density","JGI","rain_fed",400,123,134,"RIL_039","high_density",31,31189,"05/31/2013",151,"panicle_emergence","05/30/2013",150,27,16
2013,"density","JGI","rain_fed",400,123,134,"RIL_141","high_density",31,31190,"06/07/2013",158,"panicle_emergence","06/07/2013",158,35,24
2013,"density","JGI","rain_fed",400,123,134,"A10","high_density",31,31191,"06/03/2013",154,"panicle_emergence","06/03/2013",154,31,20
2013,"density","JGI","rain_fed",400,123,134,"RIL_213","high_density",31,31192,"06/18/2013",169,"panicle_emergence","06/18/2013",169,46,35
2013,"density","JGI","rain_fed",400,123,134,"RIL_130","high_density",31,31193,"06/13/2013",164,"panicle_emergence","06/13/2013",164,41,30
2013,"density","JGI","rain_fed",400,123,134,"B100","high_density",31,31194,"06/25/2013",176,"panicle_emergence","06/24/2013",175,52,41
2013,"density","JGI","rain_fed",400,123,134,"RIL_025","high_density",31,31195,"06/06/2013",157,"panicle_emergence","06/06/2013",157,34,23
2013,"density","JGI","rain_fed",400,123,134,"RIL_197","high_density",31,31196,"06/19/2013",170,"panicle_emergence","06/19/2013",170,47,36
2013,"density","JGI","rain_fed",400,123,134,"RIL_035","high_density",31,31197,"06/25/2013",176,"panicle_emergence","06/22/2013",173,50,39
2013,"density","JGI","rain_fed",400,123,134,"RIL_144","high_density",31,31198,"06/12/2013",163,"panicle_emergence","06/12/2013",163,40,29
2013,"density","JGI","rain_fed",400,123,134,"RIL_096","high_density",31,31199,"06/10/2013",161,"panicle_emergence","06/10/2013",161,38,27
2013,"density","JGI","rain_fed",400,123,134,"B100","high_density",31,31200,"06/25/2013",176,"panicle_emergence","06/24/2013",175,52,41
2013,"density","JGI","rain_fed",400,123,134,"B100","high_density",31,31201,"06/25/2013",176,"panicle_emergence","06/22/2013",173,50,39
2013,"density","JGI","rain_fed",400,123,134,"RIL_114","high_density",31,31202,"06/13/2013",164,"panicle_emergence","06/13/2013",164,41,30
2013,"density","JGI","rain_fed",400,123,134,"RIL_106","high_density",31,31203,"06/15/2013",166,"panicle_emergence","06/16/2013",167,44,33
2013,"density","JGI","rain_fed",400,123,134,"RIL_007","high_density",31,31204,"06/09/2013",160,"panicle_emergence","06/09/2013",160,37,26
2013,"density","JGI","rain_fed",400,123,134,"RIL_006","high_density",31,31205,"06/19/2013",170,"panicle_emergence","06/19/2013",170,47,36
2013,"density","JGI","rain_fed",400,123,134,"RIL_085","high_density",31,31207,"06/06/2013",157,"panicle_emergence","06/06/2013",157,34,23
2013,"density","JGI","rain_fed",400,123,134,"RIL_005","high_density",31,31208,"06/06/2013",157,"panicle_emergence","06/06/2013",157,34,23
2013,"density","JGI","rain_fed",400,123,134,"RIL_221","high_density",31,31209,"06/10/2013",161,"panicle_emergence","06/10/2013",161,38,27
2013,"density","JGI","rain_fed",400,123,134,"RIL_124","high_density",31,31210,"06/06/2013",157,"panicle_emergence","06/06/2013",157,34,23
2013,"density","JGI","rain_fed",36,123,134,"RIL_040","low_density",32,32001,"06/11/2013",162,"panicle_emergence","06/11/2013",162,39,28
2013,"density","JGI","rain_fed",36,123,134,"RIL_061","low_density",32,32002,"06/30/2013",181,"panicle_emergence","06/30/2013",181,58,47
2013,"density","JGI","rain_fed",36,123,134,"RIL_148","low_density",32,32003,"06/12/2013",163,"panicle_emergence","06/12/2013",163,40,29
2013,"density","JGI","rain_fed",36,123,134,"RIL_059","low_density",32,32004,"06/16/2013",167,"panicle_emergence","06/16/2013",167,44,33
2013,"density","JGI","rain_fed",36,123,134,"RIL_055","low_density",32,32005,"06/06/2013",157,"panicle_emergence","06/06/2013",157,34,23
2013,"density","JGI","rain_fed",36,123,134,"RIL_190","low_density",32,32006,"06/11/2013",162,"panicle_emergence","06/10/2013",161,38,27
2013,"density","JGI","rain_fed",36,123,134,"RIL_026","low_density",32,32007,"06/08/2013",159,"panicle_emergence","06/08/2013",159,36,25
2013,"density","JGI","rain_fed",36,123,134,"RIL_013","low_density",32,32008,"06/09/2013",160,"panicle_emergence","06/09/2013",160,37,26
2013,"density","JGI","rain_fed",36,123,134,"RIL_018","low_density",32,32009,"06/12/2013",163,"panicle_emergence","06/12/2013",163,40,29
2013,"density","JGI","rain_fed",36,123,134,"RIL_136","low_density",32,32010,"06/09/2013",160,"panicle_emergence","06/09/2013",160,37,26
2013,"density","JGI","rain_fed",36,123,134,"RIL_171","low_density",32,32011,"06/12/2013",163,"panicle_emergence","06/12/2013",163,40,29
2013,"density","JGI","rain_fed",36,123,134,"RIL_016","low_density",32,32012,"06/10/2013",161,"panicle_emergence","06/10/2013",161,38,27
2013,"density","JGI","rain_fed",36,123,134,"RIL_025","low_density",32,32013,"06/06/2013",157,"panicle_emergence","06/06/2013",157,34,23
2013,"density","JGI","rain_fed",36,123,134,"A10","low_density",32,32014,"06/03/2013",154,"panicle_emergence","06/03/2013",154,31,20
2013,"density","JGI","rain_fed",36,123,134,"RIL_142","low_density",32,32015,"06/06/2013",157,"panicle_emergence","06/06/2013",157,34,23
2013,"density","JGI","rain_fed",36,123,134,"A10","low_density",32,32016,"06/03/2013",154,"panicle_emergence","06/02/2013",153,30,19
2013,"density","JGI","rain_fed",36,123,134,"A10","low_density",32,32017,"05/31/2013",151,"panicle_emergence","05/31/2013",151,28,17
2013,"density","JGI","rain_fed",36,123,134,"RIL_027","low_density",32,32018,"06/10/2013",161,"panicle_emergence","06/10/2013",161,38,27
2013,"density","JGI","rain_fed",36,123,134,"RIL_024","low_density",32,32019,"06/11/2013",162,"panicle_emergence","06/11/2013",162,39,28
2013,"density","JGI","rain_fed",36,123,134,"RIL_129","low_density",32,32021,"06/12/2013",163,"panicle_emergence","06/12/2013",163,40,29
2013,"density","JGI","rain_fed",36,123,134,"RIL_069","low_density",32,32022,"06/11/2013",162,"panicle_emergence","06/11/2013",162,39,28
2013,"density","JGI","rain_fed",36,123,134,"RIL_116","low_density",32,32023,"06/10/2013",161,"panicle_emergence","06/10/2013",161,38,27
2013,"density","JGI","rain_fed",36,123,134,"RIL_001","low_density",32,32024,"06/10/2013",161,"panicle_emergence","06/10/2013",161,38,27
2013,"density","JGI","rain_fed",36,123,134,"RIL_159","low_density",32,32025,"06/16/2013",167,"panicle_emergence","06/16/2013",167,44,33
2013,"density","JGI","rain_fed",36,123,134,"RIL_109","low_density",32,32026,"06/13/2013",164,"panicle_emergence","06/13/2013",164,41,30
2013,"density","JGI","rain_fed",36,123,134,"RIL_105","low_density",32,32027,"06/09/2013",160,"panicle_emergence","06/09/2013",160,37,26
2013,"density","JGI","rain_fed",36,123,134,"RIL_119","low_density",32,32028,"06/16/2013",167,"panicle_emergence","06/16/2013",167,44,33
2013,"density","JGI","rain_fed",36,123,134,"RIL_162","low_density",32,32029,"06/04/2013",155,"panicle_emergence","06/04/2013",155,32,21
2013,"density","JGI","rain_fed",36,123,134,"RIL_039","low_density",32,32030,"05/31/2013",151,"panicle_emergence","05/30/2013",150,27,16
2013,"density","JGI","rain_fed",36,123,134,"RIL_127","low_density",32,32031,"06/13/2013",164,"panicle_emergence","06/13/2013",164,41,30
2013,"density","JGI","rain_fed",36,123,134,"RIL_185","low_density",32,32032,"06/09/2013",160,"panicle_emergence","06/09/2013",160,37,26
2013,"density","JGI","rain_fed",36,123,134,"RIL_015","low_density",32,32033,"05/31/2013",151,"panicle_emergence","05/31/2013",151,28,17
2013,"density","JGI","rain_fed",36,123,134,"RIL_043","low_density",32,32034,"06/13/2013",164,"panicle_emergence","06/13/2013",164,41,30
2013,"density","JGI","rain_fed",36,123,134,"A10","low_density",32,32035,"06/03/2013",154,"panicle_emergence","06/02/2013",153,30,19
2013,"density","JGI","rain_fed",36,123,134,"RIL_123","low_density",32,32036,"06/12/2013",163,"panicle_emergence","06/12/2013",163,40,29
2013,"density","JGI","rain_fed",36,123,134,"RIL_175","low_density",32,32037,"06/09/2013",160,"panicle_emergence","06/08/2013",159,36,25
2013,"density","JGI","rain_fed",36,123,134,"RIL_141","low_density",32,32038,"06/07/2013",158,"panicle_emergence","06/07/2013",158,35,24
2013,"density","JGI","rain_fed",36,123,134,"RIL_058","low_density",32,32040,"06/16/2013",167,"panicle_emergence","06/16/2013",167,44,33
2013,"density","JGI","rain_fed",36,123,134,"B100","low_density",32,32041,"06/16/2013",167,"panicle_emergence","06/16/2013",167,44,33
2013,"density","JGI","rain_fed",36,123,134,"RIL_166","low_density",32,32042,"06/08/2013",159,"panicle_emergence","06/08/2013",159,36,25
2013,"density","JGI","rain_fed",36,123,134,"RIL_168","low_density",32,32044,"06/16/2013",167,"panicle_emergence","06/16/2013",167,44,33
2013,"density","JGI","rain_fed",36,123,134,"RIL_062","low_density",32,32045,"06/16/2013",167,"panicle_emergence","06/16/2013",167,44,33
2013,"density","JGI","rain_fed",36,123,134,"RIL_035","low_density",32,32046,"06/25/2013",176,"panicle_emergence","06/25/2013",176,53,42
2013,"density","JGI","rain_fed",36,123,134,"B100","low_density",32,32047,"06/16/2013",167,"panicle_emergence","06/16/2013",167,44,33
2013,"density","JGI","rain_fed",36,123,134,"RIL_153","low_density",32,32048,"06/13/2013",164,"panicle_emergence","06/13/2013",164,41,30
2013,"density","JGI","rain_fed",36,123,134,"RIL_215","low_density",32,32049,"06/24/2013",175,"panicle_emergence","06/24/2013",175,52,41
2013,"density","JGI","rain_fed",36,123,134,"A10","low_density",32,32050,"06/03/2013",154,"panicle_emergence","06/02/2013",153,30,19
2013,"density","JGI","rain_fed",36,123,134,"RIL_152","low_density",32,32051,"06/07/2013",158,"panicle_emergence","06/07/2013",158,35,24
2013,"density","JGI","rain_fed",36,123,134,"RIL_010","low_density",32,32052,"06/10/2013",161,"panicle_emergence","06/10/2013",161,38,27
2013,"density","JGI","rain_fed",36,123,134,"A10","low_density",32,32053,"06/03/2013",154,"panicle_emergence","06/02/2013",153,30,19
2013,"density","JGI","rain_fed",36,123,134,"RIL_051","low_density",32,32054,"06/10/2013",161,"panicle_emergence","06/10/2013",161,38,27
2013,"density","JGI","rain_fed",36,123,134,"RIL_135","low_density",32,32055,"06/12/2013",163,"panicle_emergence","06/12/2013",163,40,29
2013,"density","JGI","rain_fed",36,123,134,"RIL_181","low_density",32,32056,"06/24/2013",175,"panicle_emergence","06/23/2013",174,51,40
2013,"density","JGI","rain_fed",36,123,134,"RIL_063","low_density",32,32057,"06/27/2013",178,"panicle_emergence","06/27/2013",178,55,44
2013,"density","JGI","rain_fed",36,123,134,"RIL_182","low_density",32,32058,"06/19/2013",170,"panicle_emergence","06/19/2013",170,47,36
2013,"density","JGI","rain_fed",36,123,134,"RIL_210","low_density",32,32059,"06/17/2013",168,"panicle_emergence","06/17/2013",168,45,34
2013,"density","JGI","rain_fed",36,123,134,"RIL_200","low_density",32,32060,"06/18/2013",169,"panicle_emergence","06/18/2013",169,46,35
2013,"density","JGI","rain_fed",36,123,134,"RIL_089","low_density",32,32061,"06/13/2013",164,"panicle_emergence","06/13/2013",164,41,30
2013,"density","JGI","rain_fed",36,123,134,"RIL_054","low_density",32,32062,"06/10/2013",161,"panicle_emergence","06/10/2013",161,38,27
2013,"density","JGI","rain_fed",36,123,134,"RIL_047","low_density",32,32063,"06/07/2013",158,"panicle_emergence","06/07/2013",158,35,24
2013,"density","JGI","rain_fed",36,123,134,"RIL_071","low_density",32,32064,"06/24/2013",175,"panicle_emergence","06/23/2013",174,51,40
2013,"density","JGI","rain_fed",36,123,134,"RIL_064","low_density",32,32065,"06/13/2013",164,"panicle_emergence","06/13/2013",164,41,30
2013,"density","JGI","rain_fed",36,123,134,"RIL_192","low_density",32,32066,"06/08/2013",159,"panicle_emergence","06/08/2013",159,36,25
2013,"density","JGI","rain_fed",36,123,134,"B100","low_density",32,32067,"06/22/2013",173,"panicle_emergence","06/22/2013",173,50,39
2013,"density","JGI","rain_fed",36,123,134,"RIL_014","low_density",32,32068,"06/09/2013",160,"panicle_emergence","06/09/2013",160,37,26
2013,"density","JGI","rain_fed",36,123,134,"RIL_022","low_density",32,32069,"06/17/2013",168,"panicle_emergence","06/17/2013",168,45,34
2013,"density","JGI","rain_fed",36,123,134,"RIL_115","low_density",32,32070,"06/05/2013",156,"panicle_emergence","06/05/2013",156,33,22
2013,"density","JGI","rain_fed",36,123,134,"RIL_052","low_density",32,32071,"06/12/2013",163,"panicle_emergence","06/12/2013",163,40,29
2013,"density","JGI","rain_fed",36,123,134,"RIL_113","low_density",32,32072,"06/06/2013",157,"panicle_emergence","06/06/2013",157,34,23
2013,"density","JGI","rain_fed",36,123,134,"RIL_156","low_density",32,32073,"06/13/2013",164,"panicle_emergence","06/13/2013",164,41,30
2013,"density","JGI","rain_fed",36,123,134,"RIL_124","low_density",32,32074,"06/06/2013",157,"panicle_emergence","06/06/2013",157,34,23
2013,"density","JGI","rain_fed",36,123,134,"RIL_196","low_density",32,32075,"06/07/2013",158,"panicle_emergence","06/07/2013",158,35,24
2013,"density","JGI","rain_fed",36,123,134,"RIL_205","low_density",32,32076,"06/07/2013",158,"panicle_emergence","06/07/2013",158,35,24
2013,"density","JGI","rain_fed",36,123,134,"RIL_075","low_density",32,32077,"06/03/2013",154,"panicle_emergence","06/02/2013",153,30,19
2013,"density","JGI","rain_fed",36,123,134,"RIL_118","low_density",32,32078,"06/25/2013",176,"panicle_emergence","06/25/2013",176,53,42
2013,"density","JGI","rain_fed",36,123,134,"RIL_056","low_density",32,32079,"06/12/2013",163,"panicle_emergence","06/12/2013",163,40,29
2013,"density","JGI","rain_fed",36,123,134,"RIL_220","low_density",32,32080,"06/07/2013",158,"panicle_emergence","06/07/2013",158,35,24
2013,"density","JGI","rain_fed",36,123,134,"RIL_095","low_density",32,32081,"06/09/2013",160,"panicle_emergence","06/09/2013",160,37,26
2013,"density","JGI","rain_fed",36,123,134,"RIL_023","low_density",32,32082,"06/24/2013",175,"panicle_emergence","06/23/2013",174,51,40
2013,"density","JGI","rain_fed",36,123,134,"RIL_195","low_density",32,32083,"06/22/2013",173,"panicle_emergence","06/22/2013",173,50,39
2013,"density","JGI","rain_fed",36,123,134,"B100","low_density",32,32084,"06/24/2013",175,"panicle_emergence","06/24/2013",175,52,41
2013,"density","JGI","rain_fed",36,123,134,"RIL_020","low_density",32,32085,"06/19/2013",170,"panicle_emergence","06/19/2013",170,47,36
2013,"density","JGI","rain_fed",36,123,134,"RIL_207","low_density",32,32086,"06/12/2013",163,"panicle_emergence","06/12/2013",163,40,29
2013,"density","JGI","rain_fed",36,123,134,"RIL_218","low_density",32,32087,"06/20/2013",171,"panicle_emergence","06/20/2013",171,48,37
2013,"density","JGI","rain_fed",36,123,134,"RIL_170","low_density",32,32088,"07/06/2013",187,"panicle_emergence","07/06/2013",187,64,53
2013,"density","JGI","rain_fed",36,123,134,"RIL_029","low_density",32,32089,"06/16/2013",167,"panicle_emergence","06/15/2013",166,43,32
2013,"density","JGI","rain_fed",36,123,134,"B100","low_density",32,32090,"06/24/2013",175,"panicle_emergence","06/24/2013",175,52,41
2013,"density","JGI","rain_fed",36,123,134,"RIL_121","low_density",32,32091,"06/08/2013",159,"panicle_emergence","06/08/2013",159,36,25
2013,"density","JGI","rain_fed",36,123,134,"RIL_213","low_density",32,32092,"06/19/2013",170,"panicle_emergence","06/19/2013",170,47,36
2013,"density","JGI","rain_fed",36,123,134,"RIL_030","low_density",32,32093,"06/13/2013",164,"panicle_emergence","06/13/2013",164,41,30
2013,"density","JGI","rain_fed",36,123,134,"RIL_128","low_density",32,32094,"06/16/2013",167,"panicle_emergence","06/15/2013",166,43,32
2013,"density","JGI","rain_fed",36,123,134,"B100","low_density",32,32095,"06/24/2013",175,"panicle_emergence","06/24/2013",175,52,41
2013,"density","JGI","rain_fed",36,123,134,"RIL_076","low_density",32,32096,"06/10/2013",161,"panicle_emergence","06/10/2013",161,38,27
2013,"density","JGI","rain_fed",36,123,134,"RIL_017","low_density",32,32097,"06/10/2013",161,"panicle_emergence","06/10/2013",161,38,27
2013,"density","JGI","rain_fed",36,123,134,"RIL_212","low_density",32,32098,"06/22/2013",173,"panicle_emergence","06/22/2013",173,50,39
2013,"density","JGI","rain_fed",36,123,134,"RIL_197","low_density",32,32099,"06/20/2013",171,"panicle_emergence","06/20/2013",171,48,37
2013,"density","JGI","rain_fed",36,123,134,"RIL_086","low_density",32,32100,"06/16/2013",167,"panicle_emergence","06/15/2013",166,43,32
2013,"density","JGI","rain_fed",36,123,134,"RIL_202","low_density",32,32101,"06/11/2013",162,"panicle_emergence","06/10/2013",161,38,27
2013,"density","JGI","rain_fed",36,123,134,"RIL_206","low_density",32,32102,"06/12/2013",163,"panicle_emergence","06/12/2013",163,40,29
2013,"density","JGI","rain_fed",36,123,134,"RIL_150","low_density",32,32103,"06/14/2013",165,"panicle_emergence","06/14/2013",165,42,31
2013,"density","JGI","rain_fed",36,123,134,"RIL_187","low_density",32,32104,"06/16/2013",167,"panicle_emergence","06/16/2013",167,44,33
2013,"density","JGI","rain_fed",36,123,134,"RIL_130","low_density",32,32105,"06/14/2013",165,"panicle_emergence","06/14/2013",165,42,31
2013,"density","JGI","rain_fed",36,123,134,"RIL_126","low_density",32,32106,"05/31/2013",151,"panicle_emergence","05/30/2013",150,27,16
2013,"density","JGI","rain_fed",36,123,134,"RIL_037","low_density",32,32107,"06/04/2013",155,"panicle_emergence","06/04/2013",155,32,21
2013,"density","JGI","rain_fed",36,123,134,"RIL_085","low_density",32,32108,"06/03/2013",154,"panicle_emergence","06/03/2013",154,31,20
2013,"density","JGI","rain_fed",36,123,134,"RIL_005","low_density",32,32109,"06/07/2013",158,"panicle_emergence","06/07/2013",158,35,24
2013,"density","JGI","rain_fed",36,123,134,"RIL_096","low_density",32,32110,"06/10/2013",161,"panicle_emergence","06/10/2013",161,38,27
2013,"density","JGI","rain_fed",36,123,134,"RIL_072","low_density",32,32111,"06/13/2013",164,"panicle_emergence","06/13/2013",164,41,30
2013,"density","JGI","rain_fed",36,123,134,"RIL_163","low_density",32,32113,"06/10/2013",161,"panicle_emergence","06/10/2013",161,38,27
2013,"density","JGI","rain_fed",36,123,134,"RIL_209","low_density",32,32114,"06/13/2013",164,"panicle_emergence","06/13/2013",164,41,30
2013,"density","JGI","rain_fed",36,123,134,"RIL_125","low_density",32,32115,"06/18/2013",169,"panicle_emergence","06/18/2013",169,46,35
2013,"density","JGI","rain_fed",36,123,134,"RIL_146","low_density",32,32116,"06/27/2013",178,"panicle_emergence","06/27/2013",178,55,44
2013,"density","JGI","rain_fed",36,123,134,"A10","low_density",32,32117,"06/03/2013",154,"panicle_emergence","06/02/2013",153,30,19
2013,"density","JGI","rain_fed",36,123,134,"RIL_179","low_density",32,32118,"06/10/2013",161,"panicle_emergence","06/10/2013",161,38,27
2013,"density","JGI","rain_fed",36,123,134,"RIL_031","low_density",32,32119,"06/06/2013",157,"panicle_emergence","06/06/2013",157,34,23
2013,"density","JGI","rain_fed",36,123,134,"RIL_104","low_density",32,32120,"06/25/2013",176,"panicle_emergence","06/25/2013",176,53,42
2013,"density","JGI","rain_fed",36,123,134,"B100","low_density",32,32121,"06/19/2013",170,"panicle_emergence","06/19/2013",170,47,36
2013,"density","JGI","rain_fed",36,123,134,"B100","low_density",32,32122,"06/22/2013",173,"panicle_emergence","06/22/2013",173,50,39
2013,"density","JGI","rain_fed",36,123,134,"RIL_008","low_density",32,32123,"06/12/2013",163,"panicle_emergence","06/12/2013",163,40,29
2013,"density","JGI","rain_fed",36,123,134,"RIL_060","low_density",32,32124,"06/27/2013",178,"panicle_emergence","06/26/2013",177,54,43
2013,"density","JGI","rain_fed",36,123,134,"RIL_188","low_density",32,32125,"06/07/2013",158,"panicle_emergence","06/07/2013",158,35,24
2013,"density","JGI","rain_fed",36,123,134,"RIL_199","low_density",32,32126,"06/13/2013",164,"panicle_emergence","06/13/2013",164,41,30
2013,"density","JGI","rain_fed",36,123,134,"A10","low_density",32,32127,"06/03/2013",154,"panicle_emergence","06/03/2013",154,31,20
2013,"density","JGI","rain_fed",36,123,134,"RIL_172","low_density",32,32128,"06/09/2013",160,"panicle_emergence","06/09/2013",160,37,26
2013,"density","JGI","rain_fed",36,123,134,"RIL_189","low_density",32,32129,"06/11/2013",162,"panicle_emergence","06/09/2013",160,37,26
2013,"density","JGI","rain_fed",36,123,134,"RIL_221","low_density",32,32130,"06/10/2013",161,"panicle_emergence","06/09/2013",160,37,26
2013,"density","JGI","rain_fed",36,123,134,"RIL_174","low_density",32,32131,"06/18/2013",169,"panicle_emergence","06/14/2013",165,42,31
2013,"density","JGI","rain_fed",36,123,134,"RIL_180","low_density",32,32132,"06/11/2013",162,"panicle_emergence","06/11/2013",162,39,28
2013,"density","JGI","rain_fed",36,123,134,"B100","low_density",32,32133,"06/21/2013",172,"panicle_emergence","06/21/2013",172,49,38
2013,"density","JGI","rain_fed",36,123,134,"A10","low_density",32,32134,"06/03/2013",154,"panicle_emergence","06/03/2013",154,31,20
2013,"density","JGI","rain_fed",36,123,134,"RIL_144","low_density",32,32135,"06/11/2013",162,"panicle_emergence","06/11/2013",162,39,28
2013,"density","JGI","rain_fed",36,123,134,"RIL_107","low_density",32,32136,"06/06/2013",157,"panicle_emergence","06/06/2013",157,34,23
2013,"density","JGI","rain_fed",36,123,134,"RIL_087","low_density",32,32137,"05/31/2013",151,"panicle_emergence","05/30/2013",150,27,16
2013,"density","JGI","rain_fed",36,123,134,"RIL_041","low_density",32,32138,"06/08/2013",159,"panicle_emergence","06/09/2013",160,37,26
2013,"density","JGI","rain_fed",36,123,134,"RIL_074","low_density",32,32139,"06/10/2013",161,"panicle_emergence","06/10/2013",161,38,27
2013,"density","JGI","rain_fed",36,123,134,"RIL_082","low_density",32,32140,"06/13/2013",164,"panicle_emergence","06/13/2013",164,41,30
2013,"density","JGI","rain_fed",36,123,134,"RIL_222","low_density",32,32141,"06/10/2013",161,"panicle_emergence","06/10/2013",161,38,27
2013,"density","JGI","rain_fed",36,123,134,"A10","low_density",32,32142,"06/03/2013",154,"panicle_emergence","06/02/2013",153,30,19
2013,"density","JGI","rain_fed",36,123,134,"RIL_194","low_density",32,32143,"06/10/2013",161,"panicle_emergence","06/10/2013",161,38,27
2013,"density","JGI","rain_fed",36,123,134,"RIL_033","low_density",32,32144,"06/18/2013",169,"panicle_emergence","06/14/2013",165,42,31
2013,"density","JGI","rain_fed",36,123,134,"RIL_134","low_density",32,32145,"06/16/2013",167,"panicle_emergence","06/15/2013",166,43,32
2013,"density","JGI","rain_fed",36,123,134,"RIL_201","low_density",32,32146,"06/24/2013",175,"panicle_emergence","06/23/2013",174,51,40
2013,"density","JGI","rain_fed",36,123,134,"RIL_092","low_density",32,32147,"06/09/2013",160,"panicle_emergence","06/09/2013",160,37,26
2013,"density","JGI","rain_fed",36,123,134,"RIL_112","low_density",32,32148,"06/06/2013",157,"panicle_emergence","06/06/2013",157,34,23
2013,"density","JGI","rain_fed",36,123,134,"A10","low_density",32,32149,"06/03/2013",154,"panicle_emergence","06/03/2013",154,31,20
2013,"density","JGI","rain_fed",36,123,134,"RIL_217","low_density",32,32150,"06/07/2013",158,"panicle_emergence","06/07/2013",158,35,24
2013,"density","JGI","rain_fed",36,123,134,"RIL_002","low_density",32,32152,"06/14/2013",165,"panicle_emergence","06/14/2013",165,42,31
2013,"density","JGI","rain_fed",36,123,134,"RIL_077","low_density",32,32153,"06/14/2013",165,"panicle_emergence","06/14/2013",165,42,31
2013,"density","JGI","rain_fed",36,123,134,"RIL_137","low_density",32,32154,"06/19/2013",170,"panicle_emergence","06/19/2013",170,47,36
2013,"density","JGI","rain_fed",36,123,134,"RIL_154","low_density",32,32155,"06/12/2013",163,"panicle_emergence","06/12/2013",163,40,29
2013,"density","JGI","rain_fed",36,123,134,"B100","low_density",32,32156,"06/21/2013",172,"panicle_emergence","06/21/2013",172,49,38
2013,"density","JGI","rain_fed",36,123,134,"RIL_149","low_density",32,32157,"06/10/2013",161,"panicle_emergence","06/10/2013",161,38,27
2013,"density","JGI","rain_fed",36,123,134,"RIL_117","low_density",32,32158,"06/13/2013",164,"panicle_emergence","06/13/2013",164,41,30
2013,"density","JGI","rain_fed",36,123,134,"RIL_176","low_density",32,32159,"06/13/2013",164,"panicle_emergence","06/13/2013",164,41,30
2013,"density","JGI","rain_fed",36,123,134,"RIL_143","low_density",32,32160,"06/09/2013",160,"panicle_emergence","06/10/2013",161,38,27
2013,"density","JGI","rain_fed",36,123,134,"RIL_100","low_density",32,32161,"06/20/2013",171,"panicle_emergence","06/20/2013",171,48,37
2013,"density","JGI","rain_fed",36,123,134,"RIL_093","low_density",32,32162,"06/10/2013",161,"panicle_emergence","06/10/2013",161,38,27
2013,"density","JGI","rain_fed",36,123,134,"RIL_004","low_density",32,32163,"06/13/2013",164,"panicle_emergence","06/13/2013",164,41,30
2013,"density","JGI","rain_fed",36,123,134,"RIL_160","low_density",32,32164,"06/13/2013",164,"panicle_emergence","06/13/2013",164,41,30
2013,"density","JGI","rain_fed",36,123,134,"RIL_184","low_density",32,32165,"06/13/2013",164,"panicle_emergence","06/13/2013",164,41,30
2013,"density","JGI","rain_fed",36,123,134,"RIL_034","low_density",32,32166,"06/12/2013",163,"panicle_emergence","06/13/2013",164,41,30
2013,"density","JGI","rain_fed",36,123,134,"RIL_019","low_density",32,32167,"06/08/2013",159,"panicle_emergence","06/08/2013",159,36,25
2013,"density","JGI","rain_fed",36,123,134,"A10","low_density",32,32168,"05/31/2013",151,"panicle_emergence","05/31/2013",151,28,17
2013,"density","JGI","rain_fed",36,123,134,"RIL_081","low_density",32,32169,"06/16/2013",167,"panicle_emergence","06/15/2013",166,43,32
2013,"density","JGI","rain_fed",36,123,134,"RIL_007","low_density",32,32170,"06/06/2013",157,"panicle_emergence","06/06/2013",157,34,23
2013,"density","JGI","rain_fed",36,123,134,"RIL_084","low_density",32,32171,"06/12/2013",163,"panicle_emergence","06/12/2013",163,40,29
2013,"density","JGI","rain_fed",36,123,134,"RIL_216","low_density",32,32172,"06/09/2013",160,"panicle_emergence","06/09/2013",160,37,26
2013,"density","JGI","rain_fed",36,123,134,"RIL_053","low_density",32,32173,"06/12/2013",163,"panicle_emergence","06/12/2013",163,40,29
2013,"density","JGI","rain_fed",36,123,134,"RIL_011","low_density",32,32174,"06/10/2013",161,"panicle_emergence","06/10/2013",161,38,27
2013,"density","JGI","rain_fed",36,123,134,"RIL_208","low_density",32,32175,"06/10/2013",161,"panicle_emergence","06/10/2013",161,38,27
2013,"density","JGI","rain_fed",36,123,134,"RIL_091","low_density",32,32176,"06/06/2013",157,"panicle_emergence","06/06/2013",157,34,23
2013,"density","JGI","rain_fed",36,123,134,"RIL_110","low_density",32,32177,"06/06/2013",157,"panicle_emergence","06/06/2013",157,34,23
2013,"density","JGI","rain_fed",36,123,134,"RIL_102","low_density",32,32178,"06/06/2013",157,"panicle_emergence","06/06/2013",157,34,23
2013,"density","JGI","rain_fed",36,123,134,"RIL_157","low_density",32,32179,"06/09/2013",160,"panicle_emergence","06/08/2013",159,36,25
2013,"density","JGI","rain_fed",36,123,134,"RIL_049","low_density",32,32181,"06/09/2013",160,"panicle_emergence","06/09/2013",160,37,26
2013,"density","JGI","rain_fed",36,123,134,"B100","low_density",32,32182,"06/22/2013",173,"panicle_emergence","06/23/2013",174,51,40
2013,"density","JGI","rain_fed",36,123,134,"RIL_139","low_density",32,32183,"06/16/2013",167,"panicle_emergence","06/15/2013",166,43,32
2013,"density","JGI","rain_fed",36,123,134,"RIL_161","low_density",32,32184,"06/18/2013",169,"panicle_emergence","06/18/2013",169,46,35
2013,"density","JGI","rain_fed",36,123,134,"RIL_099","low_density",32,32185,"06/13/2013",164,"panicle_emergence","06/13/2013",164,41,30
2013,"density","JGI","rain_fed",36,123,134,"RIL_103","low_density",32,32186,"06/13/2013",164,"panicle_emergence","06/13/2013",164,41,30
2013,"density","JGI","rain_fed",36,123,134,"RIL_036","low_density",32,32187,"06/13/2013",164,"panicle_emergence","06/13/2013",164,41,30
2013,"density","JGI","rain_fed",36,123,134,"RIL_167","low_density",32,32188,"06/11/2013",162,"panicle_emergence","06/10/2013",161,38,27
2013,"density","JGI","rain_fed",36,123,134,"RIL_219","low_density",32,32189,"06/08/2013",159,"panicle_emergence","06/09/2013",160,37,26
2013,"density","JGI","rain_fed",36,123,134,"RIL_048","low_density",32,32190,"06/10/2013",161,"panicle_emergence","06/10/2013",161,38,27
2013,"density","JGI","rain_fed",36,123,134,"RIL_203","low_density",32,32191,"06/12/2013",163,"panicle_emergence","06/12/2013",163,40,29
2013,"density","JGI","rain_fed",36,123,134,"RIL_211","low_density",32,32192,"06/12/2013",163,"panicle_emergence","06/12/2013",163,40,29
2013,"density","JGI","rain_fed",36,123,134,"B100","low_density",32,32193,"06/18/2013",169,"panicle_emergence","06/18/2013",169,46,35
2013,"density","JGI","rain_fed",36,123,134,"RIL_204","low_density",32,32194,"06/17/2013",168,"panicle_emergence","06/17/2013",168,45,34
2013,"density","JGI","rain_fed",36,123,134,"RIL_169","low_density",32,32195,"06/16/2013",167,"panicle_emergence","06/16/2013",167,44,33
2013,"density","JGI","rain_fed",36,123,134,"RIL_057","low_density",32,32196,"06/16/2013",167,"panicle_emergence","06/16/2013",167,44,33
2013,"density","JGI","rain_fed",36,123,134,"RIL_067","low_density",32,32197,"06/08/2013",159,"panicle_emergence","06/09/2013",160,37,26
2013,"density","JGI","rain_fed",36,123,134,"RIL_120","low_density",32,32198,"06/08/2013",159,"panicle_emergence","06/09/2013",160,37,26
2013,"density","JGI","rain_fed",36,123,134,"RIL_114","low_density",32,32199,"06/14/2013",165,"panicle_emergence","06/14/2013",165,42,31
2013,"density","JGI","rain_fed",36,123,134,"RIL_183","low_density",32,32200,"06/19/2013",170,"panicle_emergence","06/19/2013",170,47,36
2013,"density","JGI","rain_fed",36,123,134,"B100","low_density",32,32201,"06/21/2013",172,"panicle_emergence","06/21/2013",172,49,38
2013,"density","JGI","rain_fed",36,123,134,"RIL_164","low_density",32,32202,"06/05/2013",156,"panicle_emergence","06/05/2013",156,33,22
2013,"density","JGI","rain_fed",36,123,134,"RIL_038","low_density",32,32203,"06/08/2013",159,"panicle_emergence","06/08/2013",159,36,25
2013,"density","JGI","rain_fed",36,123,134,"RIL_193","low_density",32,32204,"06/12/2013",163,"panicle_emergence","06/12/2013",163,40,29
2013,"density","JGI","rain_fed",36,123,134,"A10","low_density",32,32206,"06/03/2013",154,"panicle_emergence","06/03/2013",154,31,20
2013,"density","JGI","rain_fed",36,123,134,"RIL_070","low_density",32,32207,"06/13/2013",164,"panicle_emergence","06/13/2013",164,41,30
2013,"density","JGI","rain_fed",36,123,134,"RIL_140","low_density",32,32208,"06/11/2013",162,"panicle_emergence","06/11/2013",162,39,28
2013,"density","JGI","rain_fed",36,123,134,"A10","low_density",32,32209,"06/03/2013",154,"panicle_emergence","06/03/2013",154,31,20
2013,"density","JGI","rain_fed",36,123,134,"B100","low_density",32,32210,"06/22/2013",173,"panicle_emergence","06/22/2013",173,50,39
2013,"density","JGI","rain_fed",400,123,134,"RIL_026","high_density",33,33001,"06/06/2013",157,"panicle_emergence","06/06/2013",157,34,23
2013,"density","JGI","rain_fed",400,123,134,"RIL_091","high_density",33,33002,"06/06/2013",157,"panicle_emergence","06/06/2013",157,34,23
2013,"density","JGI","rain_fed",400,123,134,"RIL_047","high_density",33,33003,"06/07/2013",158,"panicle_emergence","06/07/2013",158,35,24
2013,"density","JGI","rain_fed",400,123,134,"RIL_152","high_density",33,33004,"06/07/2013",158,"panicle_emergence","06/07/2013",158,35,24
2013,"density","JGI","rain_fed",400,123,134,"RIL_001","high_density",33,33005,"06/13/2013",164,"panicle_emergence","06/13/2013",164,41,30
2013,"density","JGI","rain_fed",400,123,134,"A10","high_density",33,33006,"06/03/2013",154,"panicle_emergence","06/02/2013",153,30,19
2013,"density","JGI","rain_fed",400,123,134,"RIL_120","high_density",33,33007,"06/09/2013",160,"panicle_emergence","06/09/2013",160,37,26
2013,"density","JGI","rain_fed",400,123,134,"RIL_135","high_density",33,33008,"06/16/2013",167,"panicle_emergence","06/15/2013",166,43,32
2013,"density","JGI","rain_fed",400,123,134,"RIL_139","high_density",33,33009,"06/16/2013",167,"panicle_emergence","06/16/2013",167,44,33
2013,"density","JGI","rain_fed",400,123,134,"RIL_195","high_density",33,33010,"06/22/2013",173,"panicle_emergence","06/24/2013",175,52,41
2013,"density","JGI","rain_fed",400,123,134,"B100","high_density",33,33011,"06/24/2013",175,"panicle_emergence","06/22/2013",173,50,39
2013,"density","JGI","rain_fed",400,123,134,"RIL_196","high_density",33,33012,"06/09/2013",160,"panicle_emergence","06/09/2013",160,37,26
2013,"density","JGI","rain_fed",400,123,134,"RIL_038","high_density",33,33013,"06/07/2013",158,"panicle_emergence","06/07/2013",158,35,24
2013,"density","JGI","rain_fed",400,123,134,"RIL_170","high_density",33,33014,"07/06/2013",187,"panicle_emergence","07/06/2013",187,64,53
2013,"density","JGI","rain_fed",400,123,134,"RIL_076","high_density",33,33015,"06/13/2013",164,"panicle_emergence","06/13/2013",164,41,30
2013,"density","JGI","rain_fed",400,123,134,"RIL_089","high_density",33,33016,"06/15/2013",166,"panicle_emergence","06/16/2013",167,44,33
2013,"density","JGI","rain_fed",400,123,134,"RIL_014","high_density",33,33017,"06/12/2013",163,"panicle_emergence","06/12/2013",163,40,29
2013,"density","JGI","rain_fed",400,123,134,"RIL_161","high_density",33,33018,"06/18/2013",169,"panicle_emergence","06/18/2013",169,46,35
2013,"density","JGI","rain_fed",400,123,134,"A10","high_density",33,33019,"06/03/2013",154,"panicle_emergence","06/02/2013",153,30,19
2013,"density","JGI","rain_fed",400,123,134,"RIL_067","high_density",33,33020,"06/09/2013",160,"panicle_emergence","06/08/2013",159,36,25
2013,"density","JGI","rain_fed",400,123,134,"RIL_182","high_density",33,33021,"06/21/2013",172,"panicle_emergence","06/21/2013",172,49,38
2013,"density","JGI","rain_fed",400,123,134,"RIL_051","high_density",33,33022,"06/10/2013",161,"panicle_emergence","06/10/2013",161,38,27
2013,"density","JGI","rain_fed",400,123,134,"RIL_201","high_density",33,33023,"06/25/2013",176,"panicle_emergence","06/24/2013",175,52,41
2013,"density","JGI","rain_fed",400,123,134,"RIL_180","high_density",33,33024,"06/12/2013",163,"panicle_emergence","06/12/2013",163,40,29
2013,"density","JGI","rain_fed",400,123,134,"RIL_205","high_density",33,33025,"06/07/2013",158,"panicle_emergence","06/07/2013",158,35,24
2013,"density","JGI","rain_fed",400,123,134,"RIL_066","high_density",33,33026,"06/17/2013",168,"panicle_emergence","06/17/2013",168,45,34
2013,"density","JGI","rain_fed",400,123,134,"A10","high_density",33,33027,"06/03/2013",154,"panicle_emergence","06/02/2013",153,30,19
2013,"density","JGI","rain_fed",400,123,134,"RIL_030","high_density",33,33028,"06/13/2013",164,"panicle_emergence","06/13/2013",164,41,30
2013,"density","JGI","rain_fed",400,123,134,"RIL_062","high_density",33,33029,"07/01/2013",182,"panicle_emergence","07/01/2013",182,59,48
2013,"density","JGI","rain_fed",400,123,134,"RIL_136","high_density",33,33030,"06/13/2013",164,"panicle_emergence","06/13/2013",164,41,30
2013,"density","JGI","rain_fed",400,123,134,"RIL_011","high_density",33,33031,"06/24/2013",175,"panicle_emergence","06/24/2013",175,52,41
2013,"density","JGI","rain_fed",400,123,134,"B100","high_density",33,33032,"06/21/2013",172,"panicle_emergence","06/21/2013",172,49,38
2013,"density","JGI","rain_fed",400,123,134,"RIL_086","high_density",33,33033,"06/14/2013",165,"panicle_emergence","06/14/2013",165,42,31
2013,"density","JGI","rain_fed",400,123,134,"RIL_171","high_density",33,33034,"06/14/2013",165,"panicle_emergence","06/14/2013",165,42,31
2013,"density","JGI","rain_fed",400,123,134,"RIL_172","high_density",33,33035,"06/10/2013",161,"panicle_emergence","06/10/2013",161,38,27
2013,"density","JGI","rain_fed",400,123,134,"RIL_193","high_density",33,33036,"06/14/2013",165,"panicle_emergence","06/14/2013",165,42,31
2013,"density","JGI","rain_fed",400,123,134,"RIL_181","high_density",33,33037,"06/29/2013",180,"panicle_emergence","06/29/2013",180,57,46
2013,"density","JGI","rain_fed",400,123,134,"RIL_035","high_density",33,33038,"06/29/2013",180,"panicle_emergence","06/29/2013",180,57,46
2013,"density","JGI","rain_fed",400,123,134,"RIL_213","high_density",33,33040,"06/15/2013",166,"panicle_emergence","06/15/2013",166,43,32
2013,"density","JGI","rain_fed",400,123,134,"RIL_098","high_density",33,33041,"06/13/2013",164,"panicle_emergence","06/13/2013",164,41,30
2013,"density","JGI","rain_fed",400,123,134,"RIL_220","high_density",33,33042,"06/08/2013",159,"panicle_emergence","06/08/2013",159,36,25
2013,"density","JGI","rain_fed",400,123,134,"B100","high_density",33,33043,"06/27/2013",178,"panicle_emergence","06/27/2013",178,55,44
2013,"density","JGI","rain_fed",400,123,134,"RIL_102","high_density",33,33044,"06/07/2013",158,"panicle_emergence","06/07/2013",158,35,24
2013,"density","JGI","rain_fed",400,123,134,"RIL_143","high_density",33,33045,"06/14/2013",165,"panicle_emergence","06/14/2013",165,42,31
2013,"density","JGI","rain_fed",400,123,134,"RIL_017","high_density",33,33046,"06/10/2013",161,"panicle_emergence","06/10/2013",161,38,27
2013,"density","JGI","rain_fed",400,123,134,"RIL_019","high_density",33,33047,"06/07/2013",158,"panicle_emergence","06/07/2013",158,35,24
2013,"density","JGI","rain_fed",400,123,134,"RIL_115","high_density",33,33048,"06/05/2013",156,"panicle_emergence","06/05/2013",156,33,22
2013,"density","JGI","rain_fed",400,123,134,"RIL_037","high_density",33,33049,"06/07/2013",158,"panicle_emergence","06/06/2013",157,34,23
2013,"density","JGI","rain_fed",400,123,134,"RIL_112","high_density",33,33050,"06/07/2013",158,"panicle_emergence","06/07/2013",158,35,24
2013,"density","JGI","rain_fed",400,123,134,"RIL_104","high_density",33,33051,"06/27/2013",178,"panicle_emergence","06/27/2013",178,55,44
2013,"density","JGI","rain_fed",400,123,134,"RIL_185","high_density",33,33052,"06/10/2013",161,"panicle_emergence","06/10/2013",161,38,27
2013,"density","JGI","rain_fed",400,123,134,"RIL_039","high_density",33,33053,"05/31/2013",151,"panicle_emergence","05/30/2013",150,27,16
2013,"density","JGI","rain_fed",400,123,134,"B100","high_density",33,33054,"06/25/2013",176,"panicle_emergence","06/23/2013",174,51,40
2013,"density","JGI","rain_fed",400,123,134,"RIL_200","high_density",33,33055,"06/21/2013",172,"panicle_emergence","06/21/2013",172,49,38
2013,"density","JGI","rain_fed",400,123,134,"RIL_054","high_density",33,33056,"06/16/2013",167,"panicle_emergence","06/16/2013",167,44,33
2013,"density","JGI","rain_fed",400,123,134,"RIL_031","high_density",33,33057,"06/10/2013",161,"panicle_emergence","06/10/2013",161,38,27
2013,"density","JGI","rain_fed",400,123,134,"RIL_110","high_density",33,33058,"06/05/2013",156,"panicle_emergence","06/05/2013",156,33,22
2013,"density","JGI","rain_fed",400,123,134,"RIL_092","high_density",33,33059,"06/10/2013",161,"panicle_emergence","06/10/2013",161,38,27
2013,"density","JGI","rain_fed",400,123,134,"A10","high_density",33,33060,"06/03/2013",154,"panicle_emergence","06/02/2013",153,30,19
2013,"density","JGI","rain_fed",400,123,134,"RIL_192","high_density",33,33061,"06/07/2013",158,"panicle_emergence","06/07/2013",158,35,24
2013,"density","JGI","rain_fed",400,123,134,"RIL_219","high_density",33,33062,"06/08/2013",159,"panicle_emergence","06/08/2013",159,36,25
2013,"density","JGI","rain_fed",400,123,134,"RIL_156","high_density",33,33063,"06/14/2013",165,"panicle_emergence","06/14/2013",165,42,31
2013,"density","JGI","rain_fed",400,123,134,"RIL_113","high_density",33,33064,"06/06/2013",157,"panicle_emergence","06/06/2013",157,34,23
2013,"density","JGI","rain_fed",400,123,134,"RIL_041","high_density",33,33065,"06/10/2013",161,"panicle_emergence","06/10/2013",161,38,27
2013,"density","JGI","rain_fed",400,123,134,"RIL_140","high_density",33,33066,"06/07/2013",158,"panicle_emergence","06/07/2013",158,35,24
2013,"density","JGI","rain_fed",400,123,134,"RIL_194","high_density",33,33067,"06/10/2013",161,"panicle_emergence","06/10/2013",161,38,27
2013,"density","JGI","rain_fed",400,123,134,"RIL_148","high_density",33,33068,"06/13/2013",164,"panicle_emergence","06/13/2013",164,41,30
2013,"density","JGI","rain_fed",400,123,134,"RIL_163","high_density",33,33069,"06/13/2013",164,"panicle_emergence","06/13/2013",164,41,30
2013,"density","JGI","rain_fed",400,123,134,"RIL_211","high_density",33,33070,"06/13/2013",164,"panicle_emergence","06/13/2013",164,41,30
2013,"density","JGI","rain_fed",400,123,134,"RIL_107","high_density",33,33071,"06/07/2013",158,"panicle_emergence","06/07/2013",158,35,24
2013,"density","JGI","rain_fed",400,123,134,"B100","high_density",33,33072,"06/05/2013",156,"panicle_emergence","06/05/2013",156,33,22
2013,"density","JGI","rain_fed",400,123,134,"RIL_123","high_density",33,33073,"06/11/2013",162,"panicle_emergence","06/11/2013",162,39,28
2013,"density","JGI","rain_fed",400,123,134,"RIL_126","high_density",33,33074,"05/31/2013",151,"panicle_emergence","05/30/2013",150,27,16
2013,"density","JGI","rain_fed",400,123,134,"RIL_149","high_density",33,33075,"06/10/2013",161,"panicle_emergence","06/10/2013",161,38,27
2013,"density","JGI","rain_fed",400,123,134,"RIL_105","high_density",33,33076,"06/09/2013",160,"panicle_emergence","06/09/2013",160,37,26
2013,"density","JGI","rain_fed",400,123,134,"RIL_095","high_density",33,33077,"06/11/2013",162,"panicle_emergence","06/11/2013",162,39,28
2013,"density","JGI","rain_fed",400,123,134,"RIL_025","high_density",33,33078,"06/07/2013",158,"panicle_emergence","06/07/2013",158,35,24
2013,"density","JGI","rain_fed",400,123,134,"RIL_069","high_density",33,33079,"06/13/2013",164,"panicle_emergence","06/13/2013",164,41,30
2013,"density","JGI","rain_fed",400,123,134,"RIL_141","high_density",33,33080,"06/08/2013",159,"panicle_emergence","06/08/2013",159,36,25
2013,"density","JGI","rain_fed",400,123,134,"RIL_022","high_density",33,33081,"06/16/2013",167,"panicle_emergence","06/16/2013",167,44,33
2013,"density","JGI","rain_fed",400,123,134,"RIL_055","high_density",33,33082,"06/10/2013",161,"panicle_emergence","06/09/2013",160,37,26
2013,"density","JGI","rain_fed",400,123,134,"RIL_164","high_density",33,33083,"06/04/2013",155,"panicle_emergence","06/04/2013",155,32,21
2013,"density","JGI","rain_fed",400,123,134,"RIL_137","high_density",33,33084,"06/18/2013",169,"panicle_emergence","06/18/2013",169,46,35
2013,"density","JGI","rain_fed",400,123,134,"RIL_128","high_density",33,33085,"06/16/2013",167,"panicle_emergence","06/16/2013",167,44,33
2013,"density","JGI","rain_fed",400,123,134,"A10","high_density",33,33086,"06/03/2013",154,"panicle_emergence","06/02/2013",153,30,19
2013,"density","JGI","rain_fed",400,123,134,"RIL_036","high_density",33,33087,"06/10/2013",161,"panicle_emergence","06/10/2013",161,38,27
2013,"density","JGI","rain_fed",400,123,134,"RIL_117","high_density",33,33088,"06/14/2013",165,"panicle_emergence","06/14/2013",165,42,31
2013,"density","JGI","rain_fed",400,123,134,"RIL_124","high_density",33,33089,"06/05/2013",156,"panicle_emergence","06/05/2013",156,33,22
2013,"density","JGI","rain_fed",400,123,134,"A10","high_density",33,33090,"05/31/2013",151,"panicle_emergence","05/31/2013",151,28,17
2013,"density","JGI","rain_fed",400,123,134,"RIL_084","high_density",33,33091,"06/24/2013",175,"panicle_emergence","06/22/2013",173,50,39
2013,"density","JGI","rain_fed",400,123,134,"B100","high_density",33,33092,"06/25/2013",176,"panicle_emergence","06/22/2013",173,50,39
2013,"density","JGI","rain_fed",400,123,134,"RIL_154","high_density",33,33093,"06/12/2013",163,"panicle_emergence","06/12/2013",163,40,29
2013,"density","JGI","rain_fed",400,123,134,"RIL_222","high_density",33,33094,"06/10/2013",161,"panicle_emergence","06/10/2013",161,38,27
2013,"density","JGI","rain_fed",400,123,134,"RIL_184","high_density",33,33095,"06/12/2013",163,"panicle_emergence","06/12/2013",163,40,29
2013,"density","JGI","rain_fed",400,123,134,"RIL_052","high_density",33,33096,"06/15/2013",166,"panicle_emergence","06/15/2013",166,43,32
2013,"density","JGI","rain_fed",400,123,134,"RIL_056","high_density",33,33097,"06/17/2013",168,"panicle_emergence","06/16/2013",167,44,33
2013,"density","JGI","rain_fed",400,123,134,"A10","high_density",33,33098,"06/03/2013",154,"panicle_emergence","06/02/2013",153,30,19
2013,"density","JGI","rain_fed",400,123,134,"RIL_064","high_density",33,33099,"06/16/2013",167,"panicle_emergence","06/16/2013",167,44,33
2013,"density","JGI","rain_fed",400,123,134,"RIL_040","high_density",33,33100,"06/10/2013",161,"panicle_emergence","06/10/2013",161,38,27
2013,"density","JGI","rain_fed",400,123,134,"RIL_162","high_density",33,33101,"06/05/2013",156,"panicle_emergence","06/05/2013",156,33,22
2013,"density","JGI","rain_fed",400,123,134,"B100","high_density",33,33102,"06/21/2013",172,"panicle_emergence","06/21/2013",172,49,38
2013,"density","JGI","rain_fed",400,123,134,"RIL_166","high_density",33,33103,"06/10/2013",161,"panicle_emergence","06/09/2013",160,37,26
2013,"density","JGI","rain_fed",400,123,134,"RIL_029","high_density",33,33104,"06/15/2013",166,"panicle_emergence","06/15/2013",166,43,32
2013,"density","JGI","rain_fed",400,123,134,"RIL_134","high_density",33,33105,"06/13/2013",164,"panicle_emergence","06/13/2013",164,41,30
2013,"density","JGI","rain_fed",400,123,134,"RIL_053","high_density",33,33106,"06/13/2013",164,"panicle_emergence","06/13/2013",164,41,30
2013,"density","JGI","rain_fed",400,123,134,"A10","high_density",33,33107,"06/04/2013",155,"panicle_emergence","06/04/2013",155,32,21
2013,"density","JGI","rain_fed",400,123,134,"RIL_127","high_density",33,33108,"06/13/2013",164,"panicle_emergence","06/13/2013",164,41,30
2013,"density","JGI","rain_fed",400,123,134,"RIL_048","high_density",33,33109,"06/14/2013",165,"panicle_emergence","06/14/2013",165,42,31
2013,"density","JGI","rain_fed",400,123,134,"RIL_208","high_density",33,33110,"06/12/2013",163,"panicle_emergence","06/12/2013",163,40,29
2013,"density","JGI","rain_fed",400,123,134,"RIL_099","high_density",33,33111,"06/10/2013",161,"panicle_emergence","06/10/2013",161,38,27
2013,"density","JGI","rain_fed",400,123,134,"RIL_018","high_density",33,33112,"06/12/2013",163,"panicle_emergence","06/12/2013",163,40,29
2013,"density","JGI","rain_fed",400,123,134,"RIL_167","high_density",33,33113,"06/12/2013",163,"panicle_emergence","06/12/2013",163,40,29
2013,"density","JGI","rain_fed",400,123,134,"RIL_176","high_density",33,33114,"06/12/2013",163,"panicle_emergence","06/12/2013",163,40,29
2013,"density","JGI","rain_fed",400,123,134,"RIL_114","high_density",33,33115,"06/13/2013",164,"panicle_emergence","06/13/2013",164,41,30
2013,"density","JGI","rain_fed",400,123,134,"RIL_159","high_density",33,33116,"06/25/2013",176,"panicle_emergence","06/23/2013",174,51,40
2013,"density","JGI","rain_fed",400,123,134,"RIL_058","high_density",33,33117,"06/24/2013",175,"panicle_emergence","06/23/2013",174,51,40
2013,"density","JGI","rain_fed",400,123,134,"RIL_216","high_density",33,33118,"06/12/2013",163,"panicle_emergence","06/12/2013",163,40,29
2013,"density","JGI","rain_fed",400,123,134,"RIL_096","high_density",33,33119,"06/10/2013",161,"panicle_emergence","06/10/2013",161,38,27
2013,"density","JGI","rain_fed",400,123,134,"RIL_190","high_density",33,33120,"06/10/2013",161,"panicle_emergence","06/10/2013",161,38,27
2013,"density","JGI","rain_fed",400,123,134,"RIL_010","high_density",33,33121,"06/14/2013",165,"panicle_emergence","06/14/2013",165,42,31
2013,"density","JGI","rain_fed",400,123,134,"RIL_179","high_density",33,33122,"06/10/2013",161,"panicle_emergence","06/10/2013",161,38,27
2013,"density","JGI","rain_fed",400,123,134,"RIL_043","high_density",33,33123,"06/14/2013",165,"panicle_emergence","06/14/2013",165,42,31
2013,"density","JGI","rain_fed",400,123,134,"RIL_005","high_density",33,33124,"06/07/2013",158,"panicle_emergence","06/07/2013",158,35,24
2013,"density","JGI","rain_fed",400,123,134,"RIL_209","high_density",33,33125,"06/11/2013",162,"panicle_emergence","06/11/2013",162,39,28
2013,"density","JGI","rain_fed",400,123,134,"RIL_075","high_density",33,33126,"06/03/2013",154,"panicle_emergence","06/02/2013",153,30,19
2013,"density","JGI","rain_fed",400,123,134,"RIL_116","high_density",33,33127,"06/12/2013",163,"panicle_emergence","06/12/2013",163,40,29
2013,"density","JGI","rain_fed",400,123,134,"RIL_015","high_density",33,33128,"06/06/2013",157,"panicle_emergence","06/06/2013",157,34,23
2013,"density","JGI","rain_fed",400,123,134,"A10","high_density",33,33129,"06/03/2013",154,"panicle_emergence","06/02/2013",153,30,19
2013,"density","JGI","rain_fed",400,123,134,"RIL_113","high_density",33,33130,"06/06/2013",157,"panicle_emergence","06/06/2013",157,34,23
2013,"density","JGI","rain_fed",400,123,134,"B100","high_density",33,33131,"06/24/2013",175,"panicle_emergence","06/24/2013",175,52,41
2013,"density","JGI","rain_fed",400,123,134,"RIL_033","high_density",33,33132,"06/14/2013",165,"panicle_emergence","06/14/2013",165,42,31
2013,"density","JGI","rain_fed",400,123,134,"RIL_109","high_density",33,33133,"06/13/2013",164,"panicle_emergence","06/13/2013",164,41,30
2013,"density","JGI","rain_fed",400,123,134,"A10","high_density",33,33134,"06/03/2013",154,"panicle_emergence","06/02/2013",153,30,19
2013,"density","JGI","rain_fed",400,123,134,"RIL_027","high_density",33,33135,"06/13/2013",164,"panicle_emergence","06/13/2013",164,41,30
2013,"density","JGI","rain_fed",400,123,134,"RIL_189","high_density",33,33136,"06/10/2013",161,"panicle_emergence","06/10/2013",161,38,27
2013,"density","JGI","rain_fed",400,123,134,"RIL_008","high_density",33,33137,"06/14/2013",165,"panicle_emergence","06/14/2013",165,42,31
2013,"density","JGI","rain_fed",400,123,134,"RIL_217","high_density",33,33138,"06/11/2013",162,"panicle_emergence","06/11/2013",162,39,28
2013,"density","JGI","rain_fed",400,123,134,"RIL_150","high_density",33,33139,"06/19/2013",170,"panicle_emergence","06/19/2013",170,47,36
2013,"density","JGI","rain_fed",400,123,134,"RIL_125","high_density",33,33140,"06/17/2013",168,"panicle_emergence","06/17/2013",168,45,34
2013,"density","JGI","rain_fed",400,123,134,"RIL_093","high_density",33,33141,"06/12/2013",163,"panicle_emergence","06/12/2013",163,40,29
2013,"density","JGI","rain_fed",400,123,134,"RIL_082","high_density",33,33142,"06/10/2013",161,"panicle_emergence","06/10/2013",161,38,27
2013,"density","JGI","rain_fed",400,123,134,"RIL_197","high_density",33,33143,"06/21/2013",172,"panicle_emergence","06/21/2013",172,49,38
2013,"density","JGI","rain_fed",400,123,134,"RIL_087","high_density",33,33144,"06/05/2013",156,"panicle_emergence","06/05/2013",156,33,22
2013,"density","JGI","rain_fed",400,123,134,"RIL_024","high_density",33,33145,"06/11/2013",162,"panicle_emergence","06/11/2013",162,39,28
2013,"density","JGI","rain_fed",400,123,134,"B100","high_density",33,33146,"06/21/2013",172,"panicle_emergence","06/21/2013",172,49,38
2013,"density","JGI","rain_fed",400,123,134,"RIL_142","high_density",33,33147,"06/07/2013",158,"panicle_emergence","06/07/2013",158,35,24
2013,"density","JGI","rain_fed",400,123,134,"RIL_072","high_density",33,33148,"06/14/2013",165,"panicle_emergence","06/14/2013",165,42,31
2013,"density","JGI","rain_fed",36,123,134,"B100","low_density",34,34001,"06/24/2013",175,"panicle_emergence","06/24/2013",175,52,41
2013,"density","JGI","rain_fed",36,123,134,"A10","low_density",34,34002,"06/03/2013",154,"panicle_emergence","06/02/2013",153,30,19
2013,"density","JGI","rain_fed",36,123,134,"RIL_219","low_density",34,34003,"06/08/2013",159,"panicle_emergence","06/08/2013",159,36,25
2013,"density","JGI","rain_fed",36,123,134,"A10","low_density",34,34004,"06/03/2013",154,"panicle_emergence","06/04/2013",155,32,21
2013,"density","JGI","rain_fed",36,123,134,"RIL_222","low_density",34,34005,"06/08/2013",159,"panicle_emergence","06/08/2013",159,36,25
2013,"density","JGI","rain_fed",36,123,134,"RIL_029","low_density",34,34006,"06/17/2013",168,"panicle_emergence","06/15/2013",166,43,32
2013,"density","JGI","rain_fed",36,123,134,"RIL_120","low_density",34,34007,"06/07/2013",158,"panicle_emergence","06/07/2013",158,35,24
2013,"density","JGI","rain_fed",36,123,134,"RIL_220","low_density",34,34008,"06/08/2013",159,"panicle_emergence","06/08/2013",159,36,25
2013,"density","JGI","rain_fed",36,123,134,"RIL_022","low_density",34,34009,"06/18/2013",169,"panicle_emergence","06/18/2013",169,46,35
2013,"density","JGI","rain_fed",36,123,134,"RIL_154","low_density",34,34010,"06/11/2013",162,"panicle_emergence","06/11/2013",162,39,28
2013,"density","JGI","rain_fed",36,123,134,"RIL_162","low_density",34,34011,"06/05/2013",156,"panicle_emergence","06/05/2013",156,33,22
2013,"density","JGI","rain_fed",36,123,134,"RIL_010","low_density",34,34012,"06/12/2013",163,"panicle_emergence","06/12/2013",163,40,29
2013,"density","JGI","rain_fed",36,123,134,"RIL_200","low_density",34,34013,"06/17/2013",168,"panicle_emergence","06/17/2013",168,45,34
2013,"density","JGI","rain_fed",36,123,134,"A10","low_density",34,34014,"06/04/2013",155,"panicle_emergence","06/04/2013",155,32,21
2013,"density","JGI","rain_fed",36,123,134,"RIL_047","low_density",34,34015,"06/07/2013",158,"panicle_emergence","06/08/2013",159,36,25
2013,"density","JGI","rain_fed",36,123,134,"RIL_142","low_density",34,34016,"06/09/2013",160,"panicle_emergence","06/09/2013",160,37,26
2013,"density","JGI","rain_fed",36,123,134,"RIL_137","low_density",34,34017,"06/20/2013",171,"panicle_emergence","06/20/2013",171,48,37
2013,"density","JGI","rain_fed",36,123,134,"RIL_104","low_density",34,34018,"06/25/2013",176,"panicle_emergence","06/25/2013",176,53,42
2013,"density","JGI","rain_fed",36,123,134,"RIL_185","low_density",34,34019,"06/10/2013",161,"panicle_emergence","06/09/2013",160,37,26
2013,"density","JGI","rain_fed",36,123,134,"RIL_051","low_density",34,34020,"06/12/2013",163,"panicle_emergence","06/12/2013",163,40,29
2013,"density","JGI","rain_fed",36,123,134,"RIL_179","low_density",34,34021,"06/12/2013",163,"panicle_emergence","06/12/2013",163,40,29
2013,"density","JGI","rain_fed",36,123,134,"RIL_221","low_density",34,34022,"06/09/2013",160,"panicle_emergence","06/09/2013",160,37,26
2013,"density","JGI","rain_fed",36,123,134,"B100","low_density",34,34023,"06/27/2013",178,"panicle_emergence","06/27/2013",178,55,44
2013,"density","JGI","rain_fed",36,123,134,"RIL_054","low_density",34,34024,"06/13/2013",164,"panicle_emergence","06/13/2013",164,41,30
2013,"density","JGI","rain_fed",36,123,134,"B100","low_density",34,34025,"06/20/2013",171,"panicle_emergence","06/20/2013",171,48,37
2013,"density","JGI","rain_fed",36,123,134,"RIL_005","low_density",34,34026,"06/07/2013",158,"panicle_emergence","06/07/2013",158,35,24
2013,"density","JGI","rain_fed",36,123,134,"RIL_086","low_density",34,34027,"06/14/2013",165,"panicle_emergence","06/14/2013",165,42,31
2013,"density","JGI","rain_fed",36,123,134,"RIL_040","low_density",34,34028,"06/11/2013",162,"panicle_emergence","06/11/2013",162,39,28
2013,"density","JGI","rain_fed",36,123,134,"RIL_043","low_density",34,34029,"06/14/2013",165,"panicle_emergence","06/14/2013",165,42,31
2013,"density","JGI","rain_fed",36,123,134,"RIL_190","low_density",34,34030,"06/17/2013",168,"panicle_emergence","06/16/2013",167,44,33
2013,"density","JGI","rain_fed",36,123,134,"RIL_189","low_density",34,34031,"06/10/2013",161,"panicle_emergence","06/10/2013",161,38,27
2013,"density","JGI","rain_fed",36,123,134,"RIL_056","low_density",34,34032,"06/11/2013",162,"panicle_emergence","06/11/2013",162,39,28
2013,"density","JGI","rain_fed",36,123,134,"RIL_040","low_density",34,34033,"06/10/2013",161,"panicle_emergence","06/10/2013",161,38,27
2013,"density","JGI","rain_fed",36,123,134,"RIL_082","low_density",34,34034,"06/20/2013",171,"panicle_emergence","06/20/2013",171,48,37
2013,"density","JGI","rain_fed",36,123,134,"RIL_110","low_density",34,34035,"06/05/2013",156,"panicle_emergence","06/05/2013",156,33,22
2013,"density","JGI","rain_fed",36,123,134,"RIL_109","low_density",34,34036,"06/13/2013",164,"panicle_emergence","06/13/2013",164,41,30
2013,"density","JGI","rain_fed",36,123,134,"RIL_025","low_density",34,34037,"06/08/2013",159,"panicle_emergence","06/07/2013",158,35,24
2013,"density","JGI","rain_fed",36,123,134,"RIL_180","low_density",34,34038,"06/09/2013",160,"panicle_emergence","06/09/2013",160,37,26
2013,"density","JGI","rain_fed",36,123,134,"RIL_031","low_density",34,34039,"06/13/2013",164,"panicle_emergence","06/08/2013",159,36,25
2013,"density","JGI","rain_fed",36,123,134,"RIL_093","low_density",34,34040,"06/11/2013",162,"panicle_emergence","06/11/2013",162,39,28
2013,"density","JGI","rain_fed",36,123,134,"RIL_141","low_density",34,34041,"06/08/2013",159,"panicle_emergence","06/08/2013",159,36,25
2013,"density","JGI","rain_fed",36,123,134,"RIL_206","low_density",34,34042,"06/11/2013",162,"panicle_emergence","06/11/2013",162,39,28
2013,"density","JGI","rain_fed",36,123,134,"RIL_033","low_density",34,34043,"06/17/2013",168,"panicle_emergence","06/15/2013",166,43,32
2013,"density","JGI","rain_fed",36,123,134,"RIL_113","low_density",34,34044,"06/06/2013",157,"panicle_emergence","06/06/2013",157,34,23
2013,"density","JGI","rain_fed",36,123,134,"RIL_053","low_density",34,34045,"06/13/2013",164,"panicle_emergence","06/13/2013",164,41,30
2013,"density","JGI","rain_fed",36,123,134,"RIL_001","low_density",34,34046,"06/10/2013",161,"panicle_emergence","06/10/2013",161,38,27
2013,"density","JGI","rain_fed",36,123,134,"RIL_143","low_density",34,34047,"06/09/2013",160,"panicle_emergence","06/08/2013",159,36,25
2013,"density","JGI","rain_fed",36,123,134,"RIL_035","low_density",34,34048,"06/21/2013",172,"panicle_emergence","06/21/2013",172,49,38
2013,"density","JGI","rain_fed",36,123,134,"RIL_117","low_density",34,34049,"06/10/2013",161,"panicle_emergence","06/10/2013",161,38,27
2013,"density","JGI","rain_fed",36,123,134,"RIL_213","low_density",34,34050,"06/18/2013",169,"panicle_emergence","06/18/2013",169,46,35
2013,"density","JGI","rain_fed",36,123,134,"RIL_217","low_density",34,34051,"06/06/2013",157,"panicle_emergence","06/06/2013",157,34,23
2013,"density","JGI","rain_fed",36,123,134,"A10","low_density",34,34052,"06/03/2013",154,"panicle_emergence","06/02/2013",153,30,19
2013,"density","JGI","rain_fed",36,123,134,"RIL_216","low_density",34,34053,"06/10/2013",161,"panicle_emergence","06/10/2013",161,38,27
2013,"density","JGI","rain_fed",36,123,134,"RIL_161","low_density",34,34054,"06/21/2013",172,"panicle_emergence","06/21/2013",172,49,38
2013,"density","JGI","rain_fed",36,123,134,"RIL_098","low_density",34,34055,"06/12/2013",163,"panicle_emergence","06/12/2013",163,40,29
2013,"density","JGI","rain_fed",36,123,134,"RIL_193","low_density",34,34056,"06/13/2013",164,"panicle_emergence","06/13/2013",164,41,30
2013,"density","JGI","rain_fed",36,123,134,"RIL_030","low_density",34,34057,"06/13/2013",164,"panicle_emergence","06/13/2013",164,41,30
2013,"density","JGI","rain_fed",36,123,134,"RIL_014","low_density",34,34058,"06/10/2013",161,"panicle_emergence","06/10/2013",161,38,27
2013,"density","JGI","rain_fed",36,123,134,"RIL_102","low_density",34,34059,"06/07/2013",158,"panicle_emergence","06/07/2013",158,35,24
2013,"density","JGI","rain_fed",36,123,134,"A10","low_density",34,34060,"06/03/2013",154,"panicle_emergence","06/03/2013",154,31,20
2013,"density","JGI","rain_fed",36,123,134,"RIL_039","low_density",34,34061,"05/31/2013",151,"panicle_emergence","05/31/2013",151,28,17
2013,"density","JGI","rain_fed",36,123,134,"RIL_019","low_density",34,34062,"06/08/2013",159,"panicle_emergence","06/08/2013",159,36,25
2013,"density","JGI","rain_fed",36,123,134,"RIL_197","low_density",34,34063,"06/24/2013",175,"panicle_emergence","06/22/2013",173,50,39
2013,"density","JGI","rain_fed",36,123,134,"A10","low_density",34,34064,"06/03/2013",154,"panicle_emergence","06/03/2013",154,31,20
2013,"density","JGI","rain_fed",36,123,134,"RIL_048","low_density",34,34065,"06/13/2013",164,"panicle_emergence","06/13/2013",164,41,30
2013,"density","JGI","rain_fed",36,123,134,"B100","low_density",34,34066,"06/27/2013",178,"panicle_emergence","06/27/2013",178,55,44
2013,"density","JGI","rain_fed",36,123,134,"RIL_087","low_density",34,34067,"05/31/2013",151,"panicle_emergence","05/31/2013",151,28,17
2013,"density","JGI","rain_fed",36,123,134,"RIL_017","low_density",34,34068,"06/11/2013",162,"panicle_emergence","06/11/2013",162,39,28
2013,"density","JGI","rain_fed",36,123,134,"RIL_076","low_density",34,34069,"06/10/2013",161,"panicle_emergence","06/10/2013",161,38,27
2013,"density","JGI","rain_fed",36,123,134,"A10","low_density",34,34070,"06/03/2013",154,"panicle_emergence","06/03/2013",154,31,20
2013,"density","JGI","rain_fed",36,123,134,"A10","low_density",34,34071,"06/03/2013",154,"panicle_emergence","06/02/2013",153,30,19
2013,"density","JGI","rain_fed",36,123,134,"RIL_105","low_density",34,34072,"06/09/2013",160,"panicle_emergence","06/08/2013",159,36,25
2013,"density","JGI","rain_fed",36,123,134,"B100","low_density",34,34073,"06/27/2013",178,"panicle_emergence","06/27/2013",178,55,44
2013,"density","JGI","rain_fed",36,123,134,"RIL_026","low_density",34,34074,"06/08/2013",159,"panicle_emergence","06/08/2013",159,36,25
2013,"density","JGI","rain_fed",36,123,134,"RIL_107","low_density",34,34075,"06/06/2013",157,"panicle_emergence","06/06/2013",157,34,23
2013,"density","JGI","rain_fed",36,123,134,"RIL_192","low_density",34,34076,"06/08/2013",159,"panicle_emergence","06/08/2013",159,36,25
2013,"density","JGI","rain_fed",36,123,134,"RIL_095","low_density",34,34077,"06/11/2013",162,"panicle_emergence","06/11/2013",162,39,28
2013,"density","JGI","rain_fed",36,123,134,"RIL_194","low_density",34,34078,"06/08/2013",159,"panicle_emergence","06/08/2013",159,36,25
2013,"density","JGI","rain_fed",36,123,134,"RIL_114","low_density",34,34079,"06/13/2013",164,"panicle_emergence","06/13/2013",164,41,30
2013,"density","JGI","rain_fed",36,123,134,"RIL_149","low_density",34,34080,"06/10/2013",161,"panicle_emergence","06/10/2013",161,38,27
2013,"density","JGI","rain_fed",36,123,134,"RIL_015","low_density",34,34081,"06/04/2013",155,"panicle_emergence","06/04/2013",155,32,21
2013,"density","JGI","rain_fed",36,123,134,"RIL_172","low_density",34,34082,"06/08/2013",159,"panicle_emergence","06/08/2013",159,36,25
2013,"density","JGI","rain_fed",36,123,134,"RIL_209","low_density",34,34083,"06/14/2013",165,"panicle_emergence","06/14/2013",165,42,31
2013,"density","JGI","rain_fed",36,123,134,"RIL_052","low_density",34,34084,"06/11/2013",162,"panicle_emergence","06/11/2013",162,39,28
2013,"density","JGI","rain_fed",36,123,134,"RIL_128","low_density",34,34085,"06/17/2013",168,"panicle_emergence","06/16/2013",167,44,33
2013,"density","JGI","rain_fed",36,123,134,"RIL_072","low_density",34,34086,"06/13/2013",164,"panicle_emergence","06/13/2013",164,41,30
2013,"density","JGI","rain_fed",36,123,134,"RIL_067","low_density",34,34087,"06/08/2013",159,"panicle_emergence","06/08/2013",159,36,25
2013,"density","JGI","rain_fed",36,123,134,"RIL_176","low_density",34,34088,"06/13/2013",164,"panicle_emergence","06/13/2013",164,41,30
2013,"density","JGI","rain_fed",36,123,134,"RIL_127","low_density",34,34089,"06/14/2013",165,"panicle_emergence","06/14/2013",165,42,31
2013,"density","JGI","rain_fed",36,123,134,"RIL_136","low_density",34,34090,"06/10/2013",161,"panicle_emergence","06/10/2013",161,38,27
2013,"density","JGI","rain_fed",36,123,134,"RIL_091","low_density",34,34091,"06/05/2013",156,"panicle_emergence","06/05/2013",156,33,22
2013,"density","JGI","rain_fed",36,123,134,"RIL_182","low_density",34,34092,"06/18/2013",169,"panicle_emergence","06/18/2013",169,46,35
2013,"density","JGI","rain_fed",36,123,134,"RIL_008","low_density",34,34093,"06/13/2013",164,"panicle_emergence","06/13/2013",164,41,30
2013,"density","JGI","rain_fed",36,123,134,"A10","low_density",34,34094,"06/03/2013",154,"panicle_emergence","06/02/2013",153,30,19
2013,"density","JGI","rain_fed",36,123,134,"RIL_123","low_density",34,34095,"06/11/2013",162,"panicle_emergence","06/11/2013",162,39,28
2013,"density","JGI","rain_fed",36,123,134,"RIL_099","low_density",34,34096,"06/12/2013",163,"panicle_emergence","06/12/2013",163,40,29
2013,"density","JGI","rain_fed",36,123,134,"B100","low_density",34,34097,"06/22/2013",173,"panicle_emergence","06/22/2013",173,50,39
2013,"density","JGI","rain_fed",36,123,134,"RIL_164","low_density",34,34098,"06/05/2013",156,"panicle_emergence","06/05/2013",156,33,22
2013,"density","JGI","rain_fed",36,123,134,"RIL_163","low_density",34,34099,"06/09/2013",160,"panicle_emergence","06/09/2013",160,37,26
2013,"density","JGI","rain_fed",36,123,134,"RIL_166","low_density",34,34100,"06/09/2013",160,"panicle_emergence","06/09/2013",160,37,26
2013,"density","JGI","rain_fed",36,123,134,"RIL_115","low_density",34,34101,"06/06/2013",157,"panicle_emergence","06/06/2013",157,34,23
2013,"density","JGI","rain_fed",36,123,134,"RIL_036","low_density",34,34102,"06/13/2013",164,"panicle_emergence","06/13/2013",164,41,30
2013,"density","JGI","rain_fed",36,123,134,"RIL_184","low_density",34,34103,"06/11/2013",162,"panicle_emergence","06/11/2013",162,39,28
2013,"density","JGI","rain_fed",36,123,134,"RIL_171","low_density",34,34104,"06/13/2013",164,"panicle_emergence","06/13/2013",164,41,30
2013,"density","JGI","rain_fed",36,123,134,"RIL_208","low_density",34,34105,"06/13/2013",164,"panicle_emergence","06/13/2013",164,41,30
2013,"density","JGI","rain_fed",36,123,134,"RIL_134","low_density",34,34106,"06/17/2013",168,"panicle_emergence","06/15/2013",166,43,32
2013,"density","JGI","rain_fed",36,123,134,"RIL_152","low_density",34,34107,"06/06/2013",157,"panicle_emergence","06/06/2013",157,34,23

